date,vacancies,daten,unemp,emp,st_unemp,mdate,frate,srate,avg_frate,avg_srate,q_frate,q_srate,tightness
1948-01-01,,01jan1948,2034,58061,1188,1948m1,.53244835,.032321092,,,,,
1948-02-01,,01feb1948,2328,58196,1377,1948m2,.51890033,.029677214,,,,,
1948-03-01,,01mar1948,2399,57671,1279,1948m3,.61442268,.036567222,,,,,
1948-04-01,,01apr1948,2386,58291,1461,1948m4,.59262365,.027938485,,,,,
1948-05-01,,01may1948,2118,57854,1146,1948m5,.56232297,.030946663,,,,,
1948-06-01,,01jun1948,2214,58743,1287,1948m6,.56910568,.029956568,,,,,
1948-07-01,,01jul1948,2213,58968,1259,1948m7,.62087661,.037159935,,,,,
1948-08-01,,01aug1948,2350,58456,1511,1948m8,.55021274,.02938096,,,,,
1948-09-01,,01sep1948,2302,58513,1245,1948m9,.54430932,.028411483,,,,,
1948-10-01,,01oct1948,2259,58387,1210,1948m10,.54227537,.029396502,,,,,
1948-11-01,,01nov1948,2285,58417,1251,1948m11,.56367618,.034133546,,,,,
1948-12-01,,01dec1948,2429,58740,1432,1948m12,.5529024,.035528362,,,,,
1949-01-01,,01jan1949,2596,58175,1510,1949m1,.5200308,.037236981,,,,,
1949-02-01,,01feb1949,2849,58208,1603,1949m2,.50895053,.03758454,,,,,
1949-03-01,,01mar1949,3030,58043,1631,1949m3,.46930692,.037187934,,,,,
1949-04-01,,01apr1949,3260,57747,1652,1949m4,.44079754,.04184841,,,,,
1949-05-01,,01may1949,3707,57552,1884,1949m5,.44780147,.038709477,,,,,
1949-06-01,,01jun1949,3776,57172,1729,1949m6,.40174788,.040536132,,,,,
1949-07-01,,01jul1949,4111,57190,1852,1949m7,.43590367,.041900191,,,,,
1949-08-01,,01aug1949,4193,57397,1874,1949m8,.42809445,.036598343,,,,,
1949-09-01,,01sep1949,4049,57584,1651,1949m9,.36181775,.049441826,,,,,
1949-10-01,,01oct1949,4916,57269,2332,1949m10,.54251426,.041859977,,,,,
1949-11-01,,01nov1949,3996,58009,1747,1949m11,.42067066,.038159557,,,,,
1949-12-01,,01dec1949,4063,57845,1748,1949m12,.4472065,.039634235,,,,,
1950-01-01,,01jan1950,4026,57635,1780,1950m1,.41977149,.03513531,,,,,
1950-02-01,,01feb1950,3936,57751,1600,1950m2,.39710367,.032473121,,,,,
1950-03-01,,01mar1950,3876,57728,1503,1950m3,.45743033,.033060279,,,,,
1950-04-01,,01apr1950,3575,58583,1472,1950m4,.44895104,.032223593,,,,,
1950-05-01,,01may1950,3434,58649,1464,1950m5,.44700059,.03223474,,,,,
1950-06-01,,01jun1950,3367,59052,1468,1950m6,.49242648,.031698879,,,,,
1950-07-01,,01jul1950,3120,59001,1411,1950m7,.50384617,.028343383,,,,,
1950-08-01,,01aug1950,2799,59797,1251,1950m8,.46337977,.027686698,,,,,
1950-09-01,,01sep1950,2774,59575,1272,1950m9,.50865179,.028408365,,,,,
1950-10-01,,01oct1950,2625,59803,1262,1950m10,.52952379,.030794112,,,,,
1950-11-01,,01nov1950,2589,59697,1354,1950m11,.54422557,.033576753,,,,,
1950-12-01,,01dec1950,2639,59429,1459,1950m12,.54907161,.025861902,,,,,
1951-01-01,,01jan1951,2305,59636,1115,1951m1,.56182212,.025814071,,,,,
1951-02-01,,01feb1951,2117,59661,1107,1951m2,.57014644,.028485522,,,,,
1951-03-01,,01mar1951,2125,60401,1215,1951m3,.64282352,.028301375,,,,,
1951-04-01,,01apr1951,1919,59889,1160,1951m4,.61907244,.027205991,,,,,
1951-05-01,,01may1951,1856,60188,1125,1951m5,.53125,.025452165,,,,,
1951-06-01,,01jun1951,1995,59620,1125,1951m6,.61553884,.028664343,,,,,
1951-07-01,,01jul1951,1950,60156,1183,1951m7,.61589742,.028440319,,,,,
1951-08-01,,01aug1951,1933,59994,1184,1951m8,.60010344,.030814882,,,,,
1951-09-01,,01sep1951,2067,59713,1294,1951m9,.55732948,.029693712,,,,,
1951-10-01,,01oct1951,2194,60010,1279,1951m10,.56927985,.028722005,,,,,
1951-11-01,,01nov1951,2178,59836,1233,1951m11,.62258953,.027615082,,,,,
1951-12-01,,01dec1951,1960,60497,1138,1951m12,.53775513,.0241009,,,,,
1952-01-01,,01jan1952,1972,60460,1066,1952m1,.60649085,.028035088,,,,,
1952-02-01,,01feb1952,1957,60462,1181,1952m2,.66121614,.028414162,,,,,
1952-03-01,,01mar1952,1813,59908,1150,1952m3,.62824047,.027671179,,,,,
1952-04-01,,01apr1952,1811,59909,1137,1952m4,.62230814,.028569302,,,,,
1952-05-01,,01may1952,1863,60195,1179,1952m5,.63070315,.029020384,,,,,
1952-06-01,,01jun1952,1884,60219,1196,1952m6,.57324839,.027631139,,,,,
1952-07-01,,01jul1952,1991,59971,1187,1952m7,.58965343,.030030778,,,,,
1952-08-01,,01aug1952,2087,59790,1270,1952m8,.61379969,.027268039,,,,,
1952-09-01,,01sep1952,1936,60521,1130,1952m9,.59245867,.024651993,,,,,
1952-10-01,,01oct1952,1839,60132,1050,1952m10,.6052202,.024251558,,,,,
1952-11-01,,01nov1952,1743,60748,1017,1952m11,.64257026,.025321018,,,,,
1952-12-01,,01dec1952,1667,60954,1044,1952m12,.53209358,.023671478,,,,,
1953-01-01,,01jan1953,1839,61600,1059,1953m1,.69113648,.026492696,,,,,
1953-02-01,,01feb1953,1636,61884,1068,1953m2,.62224936,.024137728,,,,,
1953-03-01,,01mar1953,1647,62010,1029,1953m3,.6405586,.02683307,,,,,
1953-04-01,,01apr1953,1723,61444,1131,1953m4,.63842136,.023260584,,,,,
1953-05-01,,01may1953,1596,61019,973,1953m5,.61027569,.023231246,,,,,
1953-06-01,,01jun1953,1607,61456,985,1953m6,.59054136,.023135617,,,,,
1953-07-01,,01jul1953,1660,61397,1002,1953m7,.6451807,.025871031,,,,,
1953-08-01,,01aug1953,1665,61151,1076,1953m8,.60480481,.027262846,,,,,
1953-09-01,,01sep1953,1821,60906,1163,1953m9,.59802306,.029090464,,,,,
1953-10-01,,01oct1953,1974,60893,1242,1953m10,.54204661,.029443849,,,,,
1953-11-01,,01nov1953,2211,60738,1307,1953m11,.52193576,.039231557,,,,,
1953-12-01,,01dec1953,2818,59977,1761,1953m12,.48687011,.03594372,,,,,
1954-01-01,,01jan1954,3077,60024,1631,1954m1,.47188821,.037198804,,,,,
1954-02-01,,01feb1954,3331,60663,1706,1954m2,.43620536,.036452003,,,,,
1954-03-01,,01mar1954,3607,60186,1729,1954m3,.43886888,.036718439,,,,,
1954-04-01,,01apr1954,3749,60185,1725,1954m4,.43344891,.034852564,,,,,
1954-05-01,,01may1954,3767,59908,1643,1954m5,.47491372,.034433365,,,,,
1954-06-01,,01jun1954,3551,59792,1573,1954m6,.42664039,.034504633,,,,,
1954-07-01,,01jul1954,3659,59643,1623,1954m7,.3804318,.032858536,,,,,
1954-08-01,,01aug1954,3854,59853,1587,1954m8,.40659055,.034392245,,,,,
1954-09-01,,01sep1954,3927,60282,1640,1954m9,.45734659,.0330128,,,,,
1954-10-01,,01oct1954,3666,60270,1535,1954m10,.46944898,.03158934,,,,,
1954-11-01,,01nov1954,3402,60357,1457,1954m11,.47619048,.030748298,,,,,
1954-12-01,,01dec1954,3196,60116,1414,1954m12,.44962454,.029999238,,,,,
1955-01-01,,01jan1955,3157,60753,1398,1955m1,.47006652,.027886545,,,,,
1955-02-01,,01feb1955,2969,60727,1296,1955m2,.41596496,.024616998,,,,,
1955-03-01,,01mar1955,2918,60964,1184,1955m3,.40095955,.026691586,,,,,
1955-04-01,,01apr1955,3049,61515,1301,1955m4,.52377826,.028521158,,,,,
1955-05-01,,01may1955,2747,61634,1295,1955m5,.49180925,.028077852,,,,,
1955-06-01,,01jun1955,2701,61781,1305,1955m6,.50018513,.027671037,,,,,
1955-07-01,,01jul1955,2632,62513,1282,1955m7,.49126139,.030641746,,,,,
1955-08-01,,01aug1955,2784,62797,1445,1955m8,.52550286,.029310755,,,,,
1955-09-01,,01sep1955,2678,62950,1357,1955m9,.47684839,.02980735,,,,,
1955-10-01,,01oct1955,2830,62991,1429,1955m10,.50742048,.029483378,,,,,
1955-11-01,,01nov1955,2780,63257,1386,1955m11,.4881295,.02798098,,,,,
1955-12-01,,01dec1955,2761,63684,1338,1955m12,.51829046,.028316727,,,,,
1956-01-01,,01jan1956,2666,63753,1336,1956m1,.50600147,.027066501,,,,,
1956-02-01,,01feb1956,2606,63518,1289,1956m2,.51573294,.031863324,,,,,
1956-03-01,,01mar1956,2764,63411,1502,1956m3,.53075254,.02904479,,,,,
1956-04-01,,01apr1956,2650,63614,1353,1956m4,.47999999,.030674314,,,,,
1956-05-01,,01may1956,2861,63861,1483,1956m5,.51869977,.031819087,,,,,
1956-06-01,,01jun1956,2882,63820,1505,1956m6,.48542678,.03039518,,,,,
1956-07-01,,01jul1956,2952,63800,1469,1956m7,.55115175,.029771784,,,,,
1956-08-01,,01aug1956,2701,63972,1376,1956m8,.52647167,.028770093,,,,,
1956-09-01,,01sep1956,2635,64079,1356,1956m9,.5248577,.02790777,,,,,
1956-10-01,,01oct1956,2571,63975,1319,1956m10,.46324387,.030127965,,,,,
1956-11-01,,01nov1956,2861,63796,1481,1956m11,.53023416,.030843005,,,,,
1956-12-01,,01dec1956,2790,63910,1446,1956m12,.48996416,.028454075,,,,,
1957-01-01,,01jan1957,2796,63632,1373,1957m1,.52467811,.027546484,,,,,
1957-02-01,,01feb1957,2622,64257,1293,1957m2,.51639968,.026035409,,,,,
1957-03-01,,01mar1957,2509,64404,1241,1957m3,.49581507,.027561141,,,,,
1957-04-01,,01apr1957,2600,64047,1335,1957m4,.505,.029723154,,,,,
1957-05-01,,01may1957,2710,63985,1423,1957m5,.45977861,.028249314,,,,,
1957-06-01,,01jun1957,2856,64196,1392,1957m6,.49929971,.028358206,,,,,
1957-07-01,,01jul1957,2796,64540,1366,1957m7,.51645207,.029138934,,,,,
1957-08-01,,01aug1957,2747,63959,1395,1957m8,.46887514,.030307606,,,,,
1957-09-01,,01sep1957,2943,64121,1484,1957m9,.44920149,.028137924,,,,,
1957-10-01,,01oct1957,3020,64046,1399,1957m10,.38543046,.030907081,,,,,
1957-11-01,,01nov1957,3454,63669,1598,1957m11,.45251882,.032174058,,,,,
1957-12-01,,01dec1957,3476,63922,1585,1957m12,.37456846,.032742757,,,,,
1958-01-01,,01jan1958,3875,63220,1701,1958m1,.37548387,.036669232,,,,,
1958-02-01,,01feb1958,4303,62898,1883,1958m2,.40529862,.038543012,,,,,
1958-03-01,,01mar1958,4492,62731,1933,1958m3,.30209261,.035320155,,,,,
1958-04-01,,01apr1958,5016,62631,1881,1958m4,.36881977,.036314715,,,,,
1958-05-01,,01may1958,5021,62874,1855,1958m5,.36486757,.034141541,,,,,
1958-06-01,,01jun1958,4944,62730,1755,1958m6,.34041262,.034925967,,,,,
1958-07-01,,01jul1958,5079,62745,1818,1958m7,.35715693,.034148172,,,,,
1958-08-01,,01aug1958,5025,63012,1760,1958m8,.3641791,.031549431,,,,,
1958-09-01,,01sep1958,4821,63181,1626,1958m9,.39286456,.032361496,,,,,
1958-10-01,,01oct1958,4570,63475,1643,1958m10,.41859958,.03050427,,,,,
1958-11-01,,01nov1958,4188,63470,1531,1958m11,.40329513,.033391599,,,,,
1958-12-01,,01dec1958,4191,63549,1692,1958m12,.4049153,.031055767,,,,,
1959-01-01,,01jan1959,4068,63868,1574,1959m1,.40732548,.030554183,,,,,
1959-02-01,,01feb1959,3965,63684,1554,1959m2,.40933165,.028805492,,,,,
1959-03-01,,01mar1959,3801,64267,1459,1959m3,.45356485,.030064976,,,,,
1959-04-01,,01apr1959,3571,64768,1494,1959m4,.43993279,.029274829,,,,,
1959-05-01,,01may1959,3479,64699,1479,1959m5,.45185399,.030390313,,,,,
1959-06-01,,01jun1959,3429,64849,1522,1959m6,.43511227,.031355496,,,,,
1959-07-01,,01jul1959,3528,65011,1591,1959m7,.43849206,.031660285,,,,,
1959-08-01,,01aug1959,3588,64844,1607,1959m8,.39437011,.030773526,,,,,
1959-09-01,,01sep1959,3775,64770,1602,1959m9,.42781457,.034370858,,,,,
1959-10-01,,01oct1959,3910,64911,1750,1959m10,.42250639,.034083135,,,,,
1959-11-01,,01nov1959,4003,64530,1745,1959m11,.50137395,.034268696,,,,,
1959-12-01,,01dec1959,3653,65341,1657,1959m12,.45880097,.03253115,,,,,
1960-01-01,,01jan1960,3615,65347,1638,1960m1,.47496542,.028718667,,,,,
1960-02-01,,01feb1960,3329,65620,1431,1960m2,.38119555,.031367101,,,,,
1960-03-01,,01mar1960,3726,64673,1666,1960m3,.49409553,.035629444,,,,,
1960-04-01,,01apr1960,3620,65959,1735,1960m4,.48867404,.034468386,,,,,
1960-05-01,,01may1960,3569,66057,1718,1960m5,.4317736,.033554606,,,,,
1960-06-01,,01jun1960,3766,66168,1738,1960m6,.43520978,.033011705,,,,,
1960-07-01,,01jul1960,3836,65909,1709,1960m7,.42648593,.033671223,,,,,
1960-08-01,,01aug1960,3946,65895,1746,1960m8,.44069943,.032642301,,,,,
1960-09-01,,01sep1960,3884,66267,1677,1960m9,.3599382,.03249849,,,,,
1960-10-01,,01oct1960,4252,65632,1766,1960m10,.38570085,.032430489,,,,,
1960-11-01,,01nov1960,4330,66109,1718,1960m11,.41916859,.040226899,,,,,
1960-12-01,,01dec1960,4617,65778,2102,1960m12,.39636126,.035721008,,,,,
1961-01-01,,01jan1961,4671,65776,1884,1961m1,.40162706,.038750336,,,,,
1961-02-01,,01feb1961,4832,65588,2037,1961m2,.3812086,.035093572,,,,,
1961-03-01,,01mar1961,4853,65850,1863,1961m3,.34803215,.031788323,,,,,
1961-04-01,,01apr1961,4893,65374,1729,1961m4,.33476394,.032113716,,,,,
1961-05-01,,01may1961,5003,65449,1748,1961m5,.39156505,.034976576,,,,,
1961-06-01,,01jun1961,4885,65993,1841,1961m6,.35742068,.033007763,,,,,
1961-07-01,,01jul1961,4928,65608,1789,1961m7,.3950893,.03230923,,,,,
1961-08-01,,01aug1961,4682,65852,1701,1961m8,.39833406,.035250761,,,,,
1961-09-01,,01sep1961,4676,65541,1859,1961m9,.4093242,.034741912,,,,,
1961-10-01,,01oct1961,4573,65919,1811,1961m10,.41898099,.03143375,,,,,
1961-11-01,,01nov1961,4295,66081,1638,1961m11,.43119907,.033452969,,,,,
1961-12-01,,01dec1961,4177,65900,1734,1961m12,.43021306,.032885782,,,,,
1962-01-01,,01jan1962,4081,66108,1701,1962m1,.4199951,.028798202,,,,,
1962-02-01,,01feb1962,3871,66538,1504,1962m2,.43167141,.032984056,,,,,
1962-03-01,,01mar1962,3921,66493,1721,1962m3,.4192808,.030997055,,,,,
1962-04-01,,01apr1962,3906,66372,1629,1962m4,.40604198,.029169846,,,,,
1962-05-01,,01may1962,3863,66688,1543,1962m5,.41858658,.030304955,,,,,
1962-06-01,,01jun1962,3844,66670,1598,1962m6,.42065558,.030238884,,,,,
1962-07-01,,01jul1962,3819,66483,1592,1962m7,.40246138,.032596059,,,,,
1962-08-01,,01aug1962,4013,66968,1731,1962m8,.44879141,.033673037,,,,,
1962-09-01,,01sep1962,3961,67192,1749,1962m9,.45291594,.031476166,,,,,
1962-10-01,,01oct1962,3803,67114,1636,1962m10,.42519063,.034780387,,,,,
1962-11-01,,01nov1962,4024,66847,1838,1962m11,.45949304,.033638164,,,,,
1962-12-01,,01dec1962,3907,66947,1732,1962m12,.40005118,.032302704,,,,,
1963-01-01,,01jan1963,4074,67072,1730,1963m1,.41580757,.034972485,,,,,
1963-02-01,,01feb1963,4238,67024,1858,1963m2,.44053799,.032548364,,,,,
1963-03-01,,01mar1963,4072,67351,1701,1963m3,.42583498,.03238963,,,,,
1963-04-01,,01apr1963,4055,67642,1717,1963m4,.42120838,.035021145,,,,,
1963-05-01,,01may1963,4217,67615,1870,1963m5,.46454826,.033115145,,,,,
1963-06-01,,01jun1963,3977,67649,1719,1963m6,.40709078,.031422053,,,,,
1963-07-01,,01jul1963,4051,67905,1693,1963m7,.45667738,.032004025,,,,,
1963-08-01,,01aug1963,3878,67908,1677,1963m8,.41670963,.031529579,,,,,
1963-09-01,,01sep1963,3957,68174,1695,1963m9,.43164012,.032509871,,,,,
1963-10-01,,01oct1963,3987,68294,1738,1963m10,.42513168,.034568664,,,,,
1963-11-01,,01nov1963,4151,68267,1859,1963m11,.46976632,.033963703,,,,,
1963-12-01,,01dec1963,3975,68213,1774,1963m12,.44050315,.033935603,,,,,
1964-01-01,,01jan1964,4029,68327,1805,1964m1,.44800198,.032213237,,,,,
1964-02-01,,01feb1964,3932,68751,1708,1964m2,.44888097,.033439301,,,,,
1964-03-01,,01mar1964,3950,68763,1783,1964m3,.45544302,.033274215,,,,,
1964-04-01,,01apr1964,3918,69356,1767,1964m4,.46835119,.031648599,,,,,
1964-05-01,,01may1964,3764,69631,1681,1964m5,.44341126,.031719722,,,,,
1964-06-01,,01jun1964,3814,69218,1719,1964m6,.44362873,.027587768,,,,,
1964-07-01,,01jul1964,3608,69399,1486,1964m7,.45703992,.031677283,,,,,
1964-08-01,,01aug1964,3655,69463,1696,1964m8,.450342,.031641368,,,,,
1964-09-01,,01sep1964,3712,69578,1703,1964m9,.46875,.032926194,,,,,
1964-10-01,,01oct1964,3726,69582,1754,1964m10,.47530866,.030087357,,,,,
1964-11-01,,01nov1964,3551,69735,1596,1964m11,.44269219,.03079222,,,,,
1964-12-01,,01dec1964,3651,69814,1672,1964m12,.46699536,.030385371,,,,,
1965-01-01,,01jan1965,3572,69997,1626,1965m1,.44372901,.03200094,,,,,
1965-02-01,,01feb1965,3730,70127,1743,1965m2,.5152815,.032693405,,,,,
1965-03-01,,01mar1965,3510,70439,1702,1965m3,.47350428,.032494821,,,,,
1965-04-01,,01apr1965,3595,70633,1747,1965m4,.50987482,.03173336,,,,,
1965-05-01,,01may1965,3432,71034,1670,1965m5,.49562937,.0309934,,,,,
1965-06-01,,01jun1965,3387,71025,1656,1965m6,.51372898,.031336915,,,,,
1965-07-01,,01jul1965,3301,71460,1654,1965m7,.50287789,.030153945,,,,,
1965-08-01,,01aug1965,3254,71362,1613,1965m8,.51167792,.030637519,,,,,
1965-09-01,,01sep1965,3216,71286,1627,1965m9,.49937811,.02866135,,,,,
1965-10-01,,01oct1965,3143,71695,1533,1965m10,.50938594,.028651746,,,,,
1965-11-01,,01nov1965,3073,71724,1531,1965m11,.48096323,.02636038,,,,,
1965-12-01,,01dec1965,3031,72062,1436,1965m12,.51666117,.028495956,,,,,
1966-01-01,,01jan1966,2988,72198,1523,1966m1,.5599063,.028950134,,,,,
1966-02-01,,01feb1966,2820,72134,1505,1966m2,.51631206,.028460814,,,,,
1966-03-01,,01mar1966,2887,72188,1523,1966m3,.56182891,.030110184,,,,,
1966-04-01,,01apr1966,2828,72510,1563,1966m4,.53359264,.03067831,,,,,
1966-05-01,,01may1966,2950,72497,1631,1966m5,.58474576,.032104734,,,,,
1966-06-01,,01jun1966,2872,72775,1647,1966m6,.56963789,.031509798,,,,,
1966-07-01,,01jul1966,2876,72860,1640,1966m7,.55563283,.030825779,,,,,
1966-08-01,,01aug1966,2900,73146,1622,1966m8,.5713793,.029761367,,,,,
1966-09-01,,01sep1966,2798,73258,1555,1966m9,.55075055,.029029157,,,,,
1966-10-01,,01oct1966,2798,73401,1541,1966m10,.54574698,.028085986,,,,,
1966-11-01,,01nov1966,2770,73840,1499,1966m11,.51985562,.028949477,,,,,
1966-12-01,,01dec1966,2912,73729,1582,1966m12,.53296703,.029732937,,,,,
1967-01-01,,01jan1967,2968,73671,1608,1967m1,.55559301,.029996924,,,,,
1967-02-01,,01feb1967,2915,73606,1596,1967m2,.5530017,.029781869,,,,,
1967-03-01,,01mar1967,2889,73439,1586,1967m3,.53340256,.028726494,,,,,
1967-04-01,,01apr1967,2895,73882,1547,1967m4,.53436959,.02920107,,,,,
1967-05-01,,01may1967,2929,73844,1581,1967m5,.56025946,.032055322,,,,,
1967-06-01,,01jun1967,2992,74278,1704,1967m6,.5648396,.03080651,,,,,
1967-07-01,,01jul1967,2944,74520,1642,1967m7,.54144019,.02934902,,,,,
1967-08-01,,01aug1967,2945,74767,1595,1967m8,.56162989,.031001663,,,,,
1967-09-01,,01sep1967,2958,74854,1667,1967m9,.5223124,.031280845,,,,,
1967-10-01,,01oct1967,3143,75051,1730,1967m10,.55902004,.031068826,,,,,
1967-11-01,,01nov1967,3066,75125,1680,1967m11,.5427267,.029522005,,,,,
1967-12-01,,01dec1967,3018,75473,1616,1967m12,.52948976,.0262741,,,,,
1968-01-01,,01jan1968,2878,74700,1458,1968m1,.55142462,.031605627,,,,,
1968-02-01,,01feb1968,3001,75229,1710,1968m2,.59146953,.031162014,,,,,
1968-03-01,,01mar1968,2877,75379,1651,1968m3,.55752522,.026413493,,,,,
1968-04-01,,01apr1968,2709,75561,1436,1968m4,.5669989,.028943747,,,,,
1968-05-01,,01may1968,2740,76107,1567,1968m5,.56824815,.032211784,,,,,
1968-06-01,,01jun1968,2938,76182,1755,1968m6,.57930565,.030434808,,,,,
1968-07-01,,01jul1968,2883,76087,1647,1968m7,.61047518,.031118535,,,,,
1968-08-01,,01aug1968,2768,76043,1645,1968m8,.58381504,.02848893,,,,,
1968-09-01,,01sep1968,2686,76172,1534,1968m9,.55994046,.027476881,,,,,
1968-10-01,,01oct1968,2689,76224,1507,1968m10,.58274454,.029492114,,,,,
1968-11-01,,01nov1968,2715,76494,1593,1968m11,.57348067,.027987493,,,,,
1968-12-01,,01dec1968,2685,76778,1527,1968m12,.56648046,.028238432,,,,,
1969-01-01,,01jan1969,2718,76805,1554,1969m1,.54010302,.025720745,,,,,
1969-02-01,,01feb1969,2692,77327,1442,1969m2,.58803862,.029363615,,,,,
1969-03-01,,01mar1969,2712,77367,1603,1969m3,.57300884,.028984975,,,,,
1969-04-01,,01apr1969,2758,77523,1600,1969m4,.61421317,.030698959,,,,,
1969-05-01,,01may1969,2713,77412,1649,1969m5,.57537782,.030176949,,,,,
1969-06-01,,01jun1969,2816,77880,1664,1969m6,.58025569,.030496605,,,,,
1969-07-01,,01jul1969,2868,77959,1686,1969m7,.57496512,.02947046,,,,,
1969-08-01,,01aug1969,2856,78250,1637,1969m8,.52836132,.029403662,,,,,
1969-09-01,,01sep1969,3040,78250,1693,1969m9,.59375,.032970112,,,,,
1969-10-01,,01oct1969,3049,78445,1814,1969m10,.58150214,.028398352,,,,,
1969-11-01,,01nov1969,2856,78541,1580,1969m11,.54516804,.027742781,,,,,
1969-12-01,,01dec1969,2884,78740,1585,1969m12,.51421636,.030771703,,,,,
1970-01-01,,01jan1970,3201,78780,1800,1970m1,.53045923,.033687361,,,,,
1970-02-01,,01feb1970,3453,78698,1950,1970m2,.52012742,.033967867,,,,,
1970-03-01,,01mar1970,3635,78863,1978,1970m3,.54387897,.037253752,,,,,
1970-04-01,,01apr1970,3797,78930,2139,1970m4,.52330786,.036188826,,,,,
1970-05-01,,01may1970,3919,78564,2109,1970m5,.49706557,.035570148,,,,,
1970-06-01,,01jun1970,4071,78413,2100,1970m6,.49815771,.036208022,,,,,
1970-07-01,,01jul1970,4175,78726,2132,1970m7,.50323355,.037035014,,,,,
1970-08-01,,01aug1970,4256,78624,2182,1970m8,.47814849,.037357699,,,,,
1970-09-01,,01sep1970,4456,78498,2235,1970m9,.50516158,.040667512,,,,,
1970-10-01,,01oct1970,4591,78685,2386,1970m10,.44238728,.038152505,,,,,
1970-11-01,,01nov1970,4898,78650,2338,1970m11,.44732544,.038798586,,,,,
1970-12-01,,01dec1970,5076,78594,2369,1970m12,.47123718,.038318262,,,,,
1971-01-01,,01jan1971,4986,78864,2302,1971m1,.45346972,.035714999,,,,,
1971-02-01,,01feb1971,4903,78700,2178,1971m2,.42015094,.034487717,,,,,
1971-03-01,,01mar1971,4987,78588,2144,1971m3,.4479647,.036172427,,,,,
1971-04-01,,01apr1971,4959,78987,2206,1971m4,.44202459,.036226287,,,,,
1971-05-01,,01may1971,4996,79139,2229,1971m5,.44575661,.035446789,,,,,
1971-06-01,,01jun1971,4949,78757,2180,1971m6,.42917761,.03572778,,,,,
1971-07-01,,01jul1971,5035,79305,2210,1971m7,.44448858,.037889156,,,,,
1971-08-01,,01aug1971,5134,79539,2337,1971m8,.46610829,.03772001,,,,,
1971-09-01,,01sep1971,5042,79689,2301,1971m9,.45815152,.036168791,,,,,
1971-10-01,,01oct1971,4954,79918,2222,1971m10,.42329431,.036569349,,,,,
1971-11-01,,01nov1971,5161,80297,2304,1971m11,.4508816,.037302166,,,,,
1971-12-01,,01dec1971,5154,80471,2320,1971m12,.47710517,.037927728,,,,,
1972-01-01,,01jan1972,5019,80959,2324,1972m1,.4387328,.03340226,,,,,
1972-02-01,,01feb1972,4928,81108,2111,1972m2,.44500813,.036520112,,,,,
1972-03-01,,01mar1972,5038,81573,2303,1972m3,.45811829,.035443988,,,,,
1972-04-01,,01apr1972,4959,81655,2229,1972m4,.44948578,.034626771,,,,,
1972-05-01,,01may1972,4922,81887,2192,1972m5,.46281999,.036210511,,,,,
1972-06-01,,01jun1972,4923,82083,2279,1972m6,.4586634,.035536576,,,,,
1972-07-01,,01jul1972,4913,82230,2248,1972m7,.45980054,.036083523,,,,,
1972-08-01,,01aug1972,4939,82578,2285,1972m8,.49463454,.037856948,,,,,
1972-09-01,,01sep1972,4849,82543,2353,1972m9,.4794803,.037463669,,,,,
1972-10-01,,01oct1972,4875,82616,2351,1972m10,.50543588,.035488993,,,,,
1972-11-01,,01nov1972,4602,82990,2191,1972m11,.44806606,.031103693,,,,,
1972-12-01,,01dec1972,4543,83400,2003,1972m12,.49570769,.032441143,,,,,
1973-01-01,,01jan1973,4326,83161,2035,1973m1,.49306518,.036052223,,,,,
1973-02-01,,01feb1973,4452,83912,2259,1973m2,.49281222,.033778455,,,,,
1973-03-01,,01mar1973,4394,84452,2136,1973m3,.49954483,.035670195,,,,,
1973-04-01,,01apr1973,4459,84559,2260,1973m4,.52769679,.035711851,,,,,
1973-05-01,,01may1973,4329,84648,2223,1973m5,.52852851,.037284099,,,,,
1973-06-01,,01jun1973,4363,85185,2322,1973m6,.53380704,.036365777,,,,,
1973-07-01,,01jul1973,4305,85299,2271,1973m7,.53193963,.036574434,,,,,
1973-08-01,,01aug1973,4305,85204,2290,1973m8,.50313586,.034671798,,,,,
1973-09-01,,01sep1973,4350,85488,2211,1973m9,.52160919,.032646362,,,,,
1973-10-01,,01oct1973,4144,85987,2063,1973m10,.49131274,.035273943,,,,,
1973-11-01,,01nov1973,4396,86320,2288,1973m11,.50932664,.036246378,,,,,
1973-12-01,,01dec1973,4489,86401,2332,1973m12,.5001114,.037039358,,,,,
1974-01-01,,01jan1974,4644,86555,2400,1974m1,.50495261,.037587762,,,,,
1974-02-01,,01feb1974,4731,86754,2432,1974m2,.53054321,.037856545,,,,,
1974-03-01,,01mar1974,4634,86819,2413,1974m3,.50776869,.036077611,,,,,
1974-04-01,,01apr1974,4618,86669,2337,1974m4,.51320916,.038134802,,,,,
1974-05-01,,01may1974,4705,86891,2457,1974m5,.48352817,.037900016,,,,,
1974-06-01,,01jun1974,4927,86941,2497,1974m6,.48508221,.038357444,,,,,
1974-07-01,,01jul1974,5063,87149,2526,1974m7,.52340508,.040549014,,,,,
1974-08-01,,01aug1974,5022,87037,2609,1974m8,.45957786,.040619444,,,,,
1974-09-01,,01sep1974,5437,87051,2723,1974m9,.48501012,.041294683,,,,,
1974-10-01,,01oct1974,5523,86995,2723,1974m10,.44088358,.045003023,,,,,
1974-11-01,,01nov1974,6140,86626,3052,1974m11,.4281759,.0459016,,,,,
1974-12-01,,01dec1974,6636,86144,3125,1974m12,.36588305,.046785746,,,,,
1975-01-01,,01jan1975,7501,85627,3293,1975m1,.39034796,.042762924,,,,,
1975-02-01,,01feb1975,7520,85256,2947,1975m2,.36369681,.045776248,,,,,
1975-03-01,,01mar1975,7978,85187,3193,1975m3,.33629984,.041135821,,,,,
1975-04-01,,01apr1975,8210,85189,2915,1975m4,.34445798,.043266173,,,,,
1975-05-01,,01may1975,8433,85451,3051,1975m5,.36582473,.041133784,,,,,
1975-06-01,,01jun1975,8220,85355,2872,1975m6,.36192214,.041224983,,,,,
1975-07-01,,01jul1975,8127,85894,2882,1975m7,.37000123,.040112246,,,,,
1975-08-01,,01aug1975,7928,86234,2808,1975m8,.36364782,.040791105,,,,,
1975-09-01,,01sep1975,7923,86279,2878,1975m9,.37712988,.04230836,,,,,
1975-10-01,,01oct1975,7897,86370,2962,1975m10,.35722426,.038312301,,,,,
1975-11-01,,01nov1975,7794,86456,2718,1975m11,.36079034,.038978402,,,,,
1975-12-01,,01dec1975,7744,86665,2762,1975m12,.38210228,.03921118,,,,,
1976-01-01,,01jan1976,7534,87400,2749,1976m1,.39912397,.040009558,,,,,
1976-02-01,,01feb1976,7326,87672,2799,1976m2,.37182638,.036820844,,,,,
1976-03-01,,01mar1976,7230,87985,2628,1976m3,.39253113,.041546129,,,,,
1976-04-01,,01apr1976,7330,88416,2938,1976m4,.4190996,.039992306,,,,,
1976-05-01,,01may1976,7053,88794,2795,1976m5,.3570112,.038207509,,,,,
1976-06-01,,01jun1976,7322,88563,2787,1976m6,.38199946,.041383166,,,,,
1976-07-01,,01jul1976,7490,89093,2965,1976m7,.38251001,.040150709,,,,,
1976-08-01,,01aug1976,7518,89223,2893,1976m8,.40542698,.040907387,,,,,
1976-09-01,,01sep1976,7380,89173,2910,1976m9,.39227644,.041083794,,,,,
1976-10-01,,01oct1976,7430,89274,2945,1976m10,.35477793,.038481556,,,,,
1976-11-01,,01nov1976,7620,89634,2826,1976m11,.39317584,.040562101,,,,,
1976-12-01,,01dec1976,7545,89803,2921,1976m12,.41868788,.040758677,,,,,
1977-01-01,,01jan1977,7280,89928,2894,1977m1,.39175823,.041693758,,,,,
1977-02-01,,01feb1977,7443,90342,3015,1977m2,.42039502,.041946769,,,,,
1977-03-01,,01mar1977,7307,90808,2993,1977m3,.44655809,.042746264,,,,,
1977-04-01,,01apr1977,7059,91271,3015,1977m4,.41110638,.037980992,,,,,
1977-05-01,,01may1977,6911,91754,2754,1977m5,.42179134,.043340459,,,,,
1977-06-01,,01jun1977,7134,91959,3138,1977m6,.44350997,.039948784,,,,,
1977-07-01,,01jul1977,6829,92084,2859,1977m7,.41001612,.039559577,,,,,
1977-08-01,,01aug1977,6925,92441,2896,1977m8,.44144404,.040020969,,,,,
1977-09-01,,01sep1977,6751,92702,2883,1977m9,.42527032,.0394984,,,,,
1977-10-01,,01oct1977,6763,93052,2883,1977m10,.4246636,.03989407,,,,,
1977-11-01,,01nov1977,6815,93761,2924,1977m11,.46338958,.037883274,,,,,
1977-12-01,,01dec1977,6386,94105,2729,1977m12,.4260883,.038133059,,,,,
1978-01-01,,01jan1978,6489,94384,2824,1978m1,.45230389,.037842862,,,,,
1978-02-01,,01feb1978,6318,94519,2764,1978m2,.45140868,.039229002,,,,,
1978-03-01,,01mar1978,6337,94755,2871,1978m3,.45873442,.037660237,,,,,
1978-04-01,,01apr1978,6180,95394,2750,1978m4,.47297734,.039404456,,,,,
1978-05-01,,01may1978,6127,95769,2870,1978m5,.47119308,.038084228,,,,,
1978-06-01,,01jun1978,6028,96343,2788,1978m6,.46250829,.041437536,,,,,
1978-07-01,,01jul1978,6309,96090,3069,1978m7,.489301,.039376408,,,,,
1978-08-01,,01aug1978,6080,96431,2858,1978m8,.4763158,.040032562,,,,,
1978-09-01,,01sep1978,6125,96670,2941,1978m9,.48391837,.038018659,,,,,
1978-10-01,,01oct1978,5947,97133,2786,1978m10,.46628553,.038973168,,,,,
1978-11-01,,01nov1978,6077,97485,2903,1978m11,.46519664,.039807431,,,,,
1978-12-01,,01dec1978,6228,97581,2978,1978m12,.46724471,.037320867,,,,,
1979-01-01,,01jan1979,6109,97948,2791,1979m1,.4640694,.038539942,,,,,
1979-02-01,,01feb1979,6173,98329,2899,1979m2,.47092175,.037817735,,,,,
1979-03-01,,01mar1979,6109,98480,2843,1979m3,.48747748,.039448626,,,,,
1979-04-01,,01apr1979,6069,98103,2938,1979m4,.49464491,.037554208,,,,,
1979-05-01,,01may1979,5840,98331,2773,1979m5,.48424658,.039544959,,,,,
1979-06-01,,01jun1979,5959,98679,2947,1979m6,.4787716,.03850425,,,,,
1979-07-01,,01jul1979,5996,99006,2890,1979m7,.49566376,.044259936,,,,,
1979-08-01,,01aug1979,6320,98776,3296,1979m8,.48670885,.039417475,,,,,
1979-09-01,,01sep1979,6190,99340,2946,1979m9,.47382876,.040089745,,,,,
1979-10-01,,01oct1979,6296,99404,3039,1979m10,.49047014,.040385649,,,,,
1979-11-01,,01nov1979,6238,99574,3030,1979m11,.4690606,.039529849,,,,,
1979-12-01,,01dec1979,6325,99933,3013,1979m12,.45169961,.041557252,,,,,
1980-01-01,,01jan1980,6683,99879,3215,1980m1,.46610802,.040912878,,,,,
1980-02-01,,01feb1980,6702,99995,3134,1980m2,.45807222,.040172502,,,,,
1980-03-01,,01mar1980,6729,99713,3097,1980m3,.4079358,.04250722,,,,,
1980-04-01,,01apr1980,7358,99233,3374,1980m4,.42511553,.048041821,,,,,
1980-05-01,,01may1980,7984,98945,3754,1980m5,.41270041,.043411445,,,,,
1980-06-01,,01jun1980,8098,98682,3409,1980m6,.39429489,.043646682,,,,,
1980-07-01,,01jul1980,8363,98796,3458,1980m7,.41815138,.043703519,,,,,
1980-08-01,,01aug1980,8281,98824,3415,1980m8,.41178602,.040139236,,,,,
1980-09-01,,01sep1980,8021,99077,3150,1980m9,.3950879,.040701874,,,,,
1980-10-01,,01oct1980,8088,99317,3236,1980m10,.39700791,.03952153,,,,,
1980-11-01,,01nov1980,8023,99545,3146,1980m11,.4240309,.039482445,,,,,
1980-12-01,,01dec1980,7718,99634,3097,1980m12,.3841669,.041219462,,,,,
1981-01-01,,01jan1981,8071,99955,3318,1981m1,.40973857,.041357726,,,,,
1981-02-01,,01feb1981,8051,100191,3287,1981m2,.42193517,.042097837,,,,,
1981-03-01,,01mar1981,7982,100571,3328,1981m3,.41317967,.039915256,,,,,
1981-04-01,,01apr1981,7869,101056,3185,1981m4,.39445928,.042021696,,,,,
1981-05-01,,01may1981,8174,101048,3409,1981m5,.41791046,.041784737,,,,,
1981-06-01,,01jun1981,8098,100298,3340,1981m6,.43739194,.042200916,,,,,
1981-07-01,,01jul1981,7863,100693,3307,1981m7,.40022892,.041220281,,,,,
1981-08-01,,01aug1981,8036,100689,3320,1981m8,.41052762,.043650936,,,,,
1981-09-01,,01sep1981,8230,100064,3493,1981m9,.39368165,.045491129,,,,,
1981-10-01,,01oct1981,8646,100378,3656,1981m10,.39659959,.04736989,,,,,
1981-11-01,,01nov1981,9029,100207,3812,1981m11,.41100898,.049601823,,,,,
1981-12-01,,01dec1981,9267,99645,3949,1981m12,.40940973,.049515955,,,,,
1982-01-01,,01jan1982,9397,99692,3924,1982m1,.37245929,.046939101,,,,,
1982-02-01,,01feb1982,9705,99762,3808,1982m2,.38186502,.048269082,,,,,
1982-03-01,,01mar1982,9895,99672,3896,1982m3,.36402223,.048460338,,,,,
1982-04-01,,01apr1982,10244,99576,3951,1982m4,.37036315,.047882356,,,,,
1982-05-01,,01may1982,10335,100116,3885,1982m5,.32926947,.04311673,,,,,
1982-06-01,,01jun1982,10538,99543,3606,1982m6,.34332889,.047650229,,,,,
1982-07-01,,01jul1982,10849,99493,3929,1982m7,.35606968,.047627911,,,,,
1982-08-01,,01aug1982,10881,99633,3895,1982m8,.33360904,.047775209,,,,,
1982-09-01,,01sep1982,11217,99504,3966,1982m9,.31746456,.046267148,,,,,
1982-10-01,,01oct1982,11529,99215,3873,1982m10,.30922022,.047379829,,,,,
1982-11-01,,01nov1982,11938,99112,3974,1982m11,.3204892,.047326777,,,,,
1982-12-01,,01dec1982,12051,99032,3939,1982m12,.34611237,.044618707,,,,,
1983-01-01,,01jan1983,11534,99161,3654,1983m1,.32131091,.044659246,,,,,
1983-02-01,,01feb1983,11545,99089,3717,1983m2,.31520137,.041953932,,,,,
1983-03-01,,01mar1983,11408,99179,3502,1983m3,.32249299,.042542841,,,,,
1983-04-01,,01apr1983,11268,99560,3539,1983m4,.32348242,.042309191,,,,,
1983-05-01,,01may1983,11154,99642,3531,1983m5,.32221624,.044096783,,,,,
1983-06-01,,01jun1983,11246,100633,3686,1983m6,.36964253,.042165503,,,,,
1983-07-01,,01jul1983,10548,101208,3459,1983m7,.33722034,.043164458,,,,,
1983-08-01,,01aug1983,10623,101608,3632,1983m8,.38680223,.045975383,,,,,
1983-09-01,,01sep1983,10282,102016,3768,1983m9,.37794203,.042193465,,,,,
1983-10-01,,01oct1983,9887,102039,3491,1983m10,.37776878,.040439591,,,,,
1983-11-01,,01nov1983,9499,102729,3347,1983m11,.38140857,.041557342,,,,,
1983-12-01,,01dec1983,9331,102996,3455,1983m12,.38924018,.039891064,,,,,
1984-01-01,,01jan1984,9008,103201,3309,1984m1,.39342806,.040132731,,,,,
1984-02-01,,01feb1984,8791,103824,3327,1984m2,.38448414,.039766453,,,,,
1984-03-01,,01mar1984,8746,103967,3335,1984m3,.38257489,.039986003,,,,,
1984-04-01,,01apr1984,8762,104336,3362,1984m4,.39637068,.037856448,,,,,
1984-05-01,,01may1984,8456,105193,3167,1984m5,.41284296,.039063759,,,,,
1984-06-01,,01jun1984,8226,105591,3261,1984m6,.37454411,.039526079,,,,,
1984-07-01,,01jul1984,8537,105435,3392,1984m7,.41993675,.042822678,,,,,
1984-08-01,,01aug1984,8519,105163,3567,1984m8,.4081465,.039724238,,,,,
1984-09-01,,01sep1984,8367,105490,3325,1984m9,.40743396,.040750049,,,,,
1984-10-01,,01oct1984,8381,105638,3423,1984m10,.42656007,.040814597,,,,,
1984-11-01,,01nov1984,8198,105972,3392,1984m11,.3916809,.039557185,,,,,
1984-12-01,,01dec1984,8358,106223,3371,1984m12,.43096435,.044003733,,,,,
1985-01-01,,01jan1985,8423,106302,3667,1985m1,.42419565,.041442018,,,,,
1985-02-01,,01feb1985,8321,106555,3471,1985m2,.42074269,.041823708,,,,,
1985-03-01,,01mar1985,8339,106989,3519,1985m3,.41287923,.041212108,,,,,
1985-04-01,,01apr1985,8395,106936,3499,1985m4,.42835021,.041686017,,,,,
1985-05-01,,01may1985,8302,106932,3503,1985m5,.40713081,.041543208,,,,,
1985-06-01,,01jun1985,8460,106505,3538,1985m6,.413948,.042090315,,,,,
1985-07-01,,01jul1985,8513,106807,3555,1985m7,.44120756,.041311804,,,,,
1985-08-01,,01aug1985,8196,107095,3439,1985m8,.41996095,.04129675,,,,,
1985-09-01,,01sep1985,8248,107657,3494,1985m9,.40906885,.039982513,,,,,
1985-10-01,,01oct1985,8298,107847,3424,1985m10,.43781635,.041109513,,,,,
1985-11-01,,01nov1985,8128,108007,3463,1985m11,.41621554,.039670337,,,,,
1985-12-01,,01dec1985,8138,108216,3393,1985m12,.45170805,.039785147,,,,,
1986-01-01,,01jan1986,7795,108887,3333,1986m1,.37318793,.03969771,,,,,
1986-02-01,,01feb1986,8402,108480,3516,1986m2,.42358962,.04140133,,,,,
1986-03-01,,01mar1986,8383,108837,3540,1986m3,.43146846,.042152304,,,,,
1986-04-01,,01apr1986,8364,108952,3598,1986m4,.41977522,.041656829,,,,,
1986-05-01,,01may1986,8439,109089,3586,1986m5,.40526128,.040110722,,,,,
1986-06-01,,01jun1986,8508,109576,3489,1986m6,.42724493,.039991595,,,,,
1986-07-01,,01jul1986,8319,109810,3446,1986m7,.43550909,.040035684,,,,,
1986-08-01,,01aug1986,8135,110015,3439,1986m8,.39704978,.038616702,,,,,
1986-09-01,,01sep1986,8310,110085,3405,1986m9,.41913357,.039257672,,,,,
1986-10-01,,01oct1986,8243,110273,3416,1986m10,.41574669,.038271241,,,,,
1986-11-01,,01nov1986,8159,110475,3343,1986m11,.43792132,.03821044,,,,,
1986-12-01,,01dec1986,7883,110728,3297,1986m12,.42889762,.03897335,,,,,
1987-01-01,,01jan1987,7892,110953,3390,1987m1,.4244805,.038018722,,,,,
1987-02-01,,01feb1987,7865,111257,3323,1987m2,.43089637,.038791627,,,,,
1987-03-01,,01mar1987,7862,111408,3386,1987m3,.44288984,.03645492,,,,,
1987-04-01,,01apr1987,7542,111794,3162,1987m4,.43529567,.037902053,,,,,
1987-05-01,,01may1987,7574,112434,3315,1987m5,.44137841,.03614429,,,,,
1987-06-01,,01jun1987,7398,112246,3167,1987m6,.45241958,.037038803,,,,,
1987-07-01,,01jul1987,7268,112634,3217,1987m7,.44001099,.036321666,,,,,
1987-08-01,,01aug1987,7261,113057,3191,1987m8,.46591377,.037177294,,,,,
1987-09-01,,01sep1987,7102,112909,3224,1987m9,.43874964,.036771208,,,,,
1987-10-01,,01oct1987,7227,113282,3241,1987m10,.46547669,.036494613,,,,,
1987-11-01,,01nov1987,7035,113505,3172,1987m11,.46581379,.036499828,,,,,
1987-12-01,,01dec1987,6936,113793,3178,1987m12,.44247404,.034823712,,,,,
1988-01-01,,01jan1988,6953,114016,3086,1988m1,.44311807,.034443237,,,,,
1988-02-01,,01feb1988,6929,114227,3057,1988m2,.44667339,.034289222,,,,,
1988-03-01,,01mar1988,6876,114037,3042,1988m3,.49185574,.036131214,,,,,
1988-04-01,,01apr1988,6601,114650,3107,1988m4,.44190276,.034651499,,,,,
1988-05-01,,01may1988,6779,114292,3095,1988m5,.49181294,.035979964,,,,,
1988-06-01,,01jun1988,6546,114927,3101,1988m6,.44897649,.033637304,,,,,
1988-07-01,,01jul1988,6605,115060,2998,1988m7,.44420892,.035439495,,,,,
1988-08-01,,01aug1988,6843,115282,3172,1988m8,.49554288,.036347527,,,,,
1988-09-01,,01sep1988,6604,115356,3152,1988m9,.47577226,.035329819,,,,,
1988-10-01,,01oct1988,6568,115638,3106,1988m10,.47624847,.035152521,,,,,
1988-11-01,,01nov1988,6537,116100,3097,1988m11,.45754933,.033192143,,,,,
1988-12-01,,01dec1988,6518,116104,2972,1988m12,.45750231,.035133142,,,,,
1989-01-01,,01jan1989,6682,116708,3146,1989m1,.52633941,.037142131,,,,,
1989-02-01,,01feb1989,6359,116776,3194,1989m2,.50259477,.034793351,,,,,
1989-03-01,,01mar1989,6205,117022,3042,1989m3,.45882353,.034488197,,,,,
1989-04-01,,01apr1989,6468,117097,3110,1989m4,.48623994,.03443592,,,,,
1989-05-01,,01may1989,6375,117099,3052,1989m5,.48643136,.037272047,,,,,
1989-06-01,,01jun1989,6577,117418,3303,1989m6,.49490649,.035908885,,,,,
1989-07-01,,01jul1989,6495,117472,3173,1989m7,.47328714,.034458529,,,,,
1989-08-01,,01aug1989,6511,117655,3090,1989m8,.48149285,.035978962,,,,,
1989-09-01,,01sep1989,6590,117354,3214,1989m9,.48224583,.036134057,,,,,
1989-10-01,,01oct1989,6630,117581,3218,1989m10,.47541478,.036226254,,,,,
1989-11-01,,01nov1989,6725,117912,3247,1989m11,.4956134,.036925282,,,,,
1989-12-01,,01dec1989,6667,117830,3275,1989m12,.46557671,.035276335,,,,,
1990-01-01,,01jan1990,6752,119081,3189,1990m1,.49229857,.035903145,,,,,
1990-02-01,,01feb1990,6651,119059,3223,1990m2,.4900015,.03566603,,,,,
1990-03-01,,01mar1990,6598,119203,3206,1990m3,.46529251,.035738155,,,,,
1990-04-01,,01apr1990,6797,118852,3269,1990m4,.46667647,.034207907,,,,,
1990-05-01,,01may1990,6742,119151,3117,1990m5,.48991397,.035025071,,,,,
1990-06-01,,01jun1990,6590,118983,3151,1990m6,.43839151,.034670781,,,,,
1990-07-01,,01jul1990,6922,118810,3221,1990m7,.44120196,.035852976,,,,,
1990-08-01,,01aug1990,7188,118802,3320,1990m8,.43127435,.035199225,,,,,
1990-09-01,,01sep1990,7368,118524,3280,1990m9,.44191095,.036248259,,,,,
1990-10-01,,01oct1990,7459,118536,3347,1990m10,.42056575,.03676961,,,,,
1990-11-01,,01nov1990,7764,118306,3442,1990m11,.42825863,.03723653,,,,,
1990-12-01,,01dec1990,7901,118241,3462,1990m12,.42475635,.037260067,,,,,
1991-01-01,,01jan1991,8015,117940,3470,1991m1,.41609481,.038382109,,,,,
1991-02-01,,01feb1991,8265,117755,3585,1991m2,.38935268,.037319064,,,,,
1991-03-01,,01mar1991,8586,117652,3539,1991m3,.41311437,.036422014,,,,,
1991-04-01,,01apr1991,8439,118109,3400,1991m4,.39388552,.038176756,,,,,
1991-05-01,,01may1991,8736,117440,3621,1991m5,.3974359,.03642834,,,,,
1991-06-01,,01jun1991,8692,117639,3428,1991m6,.40589046,.0364956,,,,,
1991-07-01,,01jul1991,8586,117568,3422,1991m7,.39203355,.036456849,,,,,
1991-08-01,,01aug1991,8666,117484,3446,1991m8,.39487654,.036886919,,,,,
1991-09-01,,01sep1991,8722,117928,3478,1991m9,.38443017,.036457937,,,,,
1991-10-01,,01oct1991,8842,117800,3473,1991m10,.38124859,.036289472,,,,,
1991-11-01,,01nov1991,8931,117770,3460,1991m11,.35897437,.03594055,,,,,
1991-12-01,,01dec1991,9198,117466,3473,1991m12,.36018699,.035281487,,,,,
1992-01-01,,01jan1992,9283,117978,3398,1992m1,.33459011,.033356789,,,,,
1992-02-01,,01feb1992,9454,117753,3277,1992m2,.3602708,.03534231,,,,,
1992-03-01,,01mar1992,9460,118144,3412,1992m3,.35317126,.033881068,,,,,
1992-04-01,,01apr1992,9415,118426,3296,1992m4,.32798725,.034513447,,,,,
1992-05-01,,01may1992,9744,118375,3417,1992m5,.33066502,.03560593,,,,,
1992-06-01,,01jun1992,10040,118419,3518,1992m6,.36135459,.03543476,,,,,
1992-07-01,,01jul1992,9850,118713,3438,1992m7,.35522842,.035194863,,,,,
1992-08-01,,01aug1992,9787,118826,3436,1992m8,.35087362,.034986895,,,,,
1992-09-01,,01sep1992,9781,118720,3428,1992m9,.38227174,.034948014,,,,,
1992-10-01,,01oct1992,9398,118628,3356,1992m10,.33517769,.033590801,,,,,
1992-11-01,,01nov1992,9565,118876,3317,1992m11,.33423942,.032209039,,,,,
1992-12-01,,01dec1992,9557,118997,3189,1992m12,.36946741,.034005314,,,,,
1993-01-01,,01jan1993,9325,119075,3299,1993m1,.3863807,.036025491,,,,,
1993-02-01,,01feb1993,9183,119275,3461,1993m2,.36883372,.033511966,,,,,
1993-03-01,,01mar1993,9056,119542,3260,1993m3,.36395758,.034257822,,,,,
1993-04-01,,01apr1993,9110,119474,3350,1993m4,.36487377,.034429617,,,,,
1993-05-01,,01may1993,9149,120115,3363,1993m5,.35479286,.032568533,,,,,
1993-06-01,,01jun1993,9121,120290,3218,1993m6,.38186604,.033825625,,,,,
1993-07-01,,01jul1993,8930,120467,3292,1993m7,.37435609,.032435231,,,,,
1993-08-01,,01aug1993,8763,120856,3176,1993m8,.36243296,.031600256,,,,,
1993-09-01,,01sep1993,8714,120554,3127,1993m9,.37870094,.034135893,,,,,
1993-10-01,,01oct1993,8750,120823,3336,1993m10,.37657142,.031476311,,,,,
1993-11-01,,01nov1993,8542,121169,3087,1993m11,.38761413,.033229057,,,,,
1993-12-01,,01dec1993,8477,121464,3246,1993m12,.35755575,.031920142,,,,,
1994-01-01,,01jan1994,8630,121966,3184,1994m1,.31274623,.025774149,,,,,
1994-02-01,,01feb1994,8583,122086,2652,1994m2,.33811021,.027492259,,,,,
1994-03-01,,01mar1994,8470,121930,2789,1994m3,.35194805,.02828607,,,,,
1994-04-01,,01apr1994,8331,122290,2842,1994m4,.36826313,.026580457,,,,,
1994-05-01,,01may1994,7915,122864,2652,1994m5,.34680986,.027146842,,,,,
1994-06-01,,01jun1994,7927,122634,2757,1994m6,.3533493,.027929729,,,,,
1994-07-01,,01jul1994,7946,122706,2820,1994m7,.33778003,.026190849,,,,,
1994-08-01,,01aug1994,7933,123342,2671,1994m8,.3617799,.026437515,,,,,
1994-09-01,,01sep1994,7734,123687,2671,1994m9,.32660976,.023422936,,,,,
1994-10-01,,01oct1994,7632,124112,2424,1994m10,.37683439,.02600093,,,,,
1994-11-01,,01nov1994,7375,124516,2619,1994m11,.36962712,.02542763,,,,,
1994-12-01,,01dec1994,7230,124721,2581,1994m12,.36224067,.027063152,,,,,
1995-01-01,,01jan1995,7375,124663,2764,1995m1,.37505084,.0254528,,,,,
1995-02-01,,01feb1995,7187,124928,2578,1995m2,.36259913,.025146998,,,,,
1995-03-01,,01mar1995,7153,124955,2572,1995m3,.31287572,.025899533,,,,,
1995-04-01,,01apr1995,7645,124945,2730,1995m4,.36860693,.025540339,,,,,
1995-05-01,,01may1995,7430,124421,2603,1995m5,.36971736,.027055621,,,,,
1995-06-01,,01jun1995,7427,124522,2744,1995m6,.34024504,.025421431,,,,,
1995-07-01,,01jul1995,7527,124816,2627,1995m7,.36867279,.02683486,,,,,
1995-08-01,,01aug1995,7484,124852,2732,1995m8,.38254943,.028295262,,,,,
1995-09-01,,01sep1995,7478,125133,2857,1995m9,.38446108,.026959214,,,,,
1995-10-01,,01oct1995,7328,125388,2725,1995m10,.37036026,.027523125,,,,,
1995-11-01,,01nov1995,7426,125188,2812,1995m11,.35887423,.025913943,,,,,
1995-12-01,,01dec1995,7423,125088,2662,1995m12,.35794154,.02653336,,,,,
1996-01-01,,01jan1996,7491,125125,2725,1996m1,.38592979,.026866635,,,,,
1996-02-01,,01feb1996,7313,125639,2713,1996m2,.35402706,.025087235,,,,,
1996-03-01,,01mar1996,7318,125862,2594,1996m3,.33246788,.024109138,,,,,
1996-04-01,,01apr1996,7415,125994,2530,1996m4,.37181389,.026956979,,,,,
1996-05-01,,01may1996,7423,126244,2765,1996m5,.38798329,.025080165,,,,,
1996-06-01,,01jun1996,7095,126602,2552,1996m6,.34249473,.0254666,,,,,
1996-07-01,,01jul1996,7337,126947,2672,1996m7,.402208,.024611149,,,,,
1996-08-01,,01aug1996,6882,127172,2496,1996m8,.35280442,.024107641,,,,,
1996-09-01,,01sep1996,6979,127536,2525,1996m9,.347471,.023505751,,,,,
1996-10-01,,01oct1996,7031,127890,2477,1996m10,.38614705,.028295169,,,,,
1996-11-01,,01nov1996,7236,127771,2920,1996m11,.35986733,.025014149,,,,,
1996-12-01,,01dec1996,7253,127860,2621,1996m12,.39335448,.026851557,,,,,
1997-01-01,,01jan1997,7158,128298,2758,1997m1,.36392847,.024287211,,,,,
1997-02-01,,01feb1997,7102,128298,2549,1997m2,.38073781,.025049567,,,,,
1997-03-01,,01mar1997,7000,128891,2602,1997m3,.36657143,.023169627,,,,,
1997-04-01,,01apr1997,6873,129143,2439,1997m4,.39938891,.024449982,,,,,
1997-05-01,,01may1997,6655,129464,2527,1997m5,.36333585,.024182463,,,,,
1997-06-01,,01jun1997,6799,129412,2562,1997m6,.37446684,.022836661,,,,,
1997-07-01,,01jul1997,6655,129822,2402,1997m7,.38647634,.024108363,,,,,
1997-08-01,,01aug1997,6608,130010,2525,1997m8,.36713076,.023307813,,,,,
1997-09-01,,01sep1997,6656,130019,2474,1997m9,.41586539,.024916541,,,,,
1997-10-01,,01oct1997,6454,130179,2566,1997m10,.40672451,.023904229,,,,,
1997-11-01,,01nov1997,6308,130653,2479,1997m11,.37507927,.023871792,,,,,
1997-12-01,,01dec1997,6476,130679,2534,1997m12,.41615194,.024998106,,,,,
1998-01-01,,01jan1998,6368,130726,2587,1998m1,.41363066,.024804739,,,,,
1998-02-01,,01feb1998,6306,130807,2572,1998m2,.42388201,.027055701,,,,,
1998-03-01,,01mar1998,6422,130814,2789,1998m3,.48411709,.026505468,,,,,
1998-04-01,,01apr1998,5941,131209,2628,1998m4,.42669585,.02558716,,,,,
1998-05-01,,01may1998,6047,131325,2641,1998m5,.39374897,.02413946,,,,,
1998-06-01,,01jun1998,6212,131244,2546,1998m6,.40985191,.024849376,,,,,
1998-07-01,,01jul1998,6259,131329,2593,1998m7,.4277041,.025153998,,,,,
1998-08-01,,01aug1998,6179,131390,2597,1998m8,.40508172,.025043387,,,,,
1998-09-01,,01sep1998,6300,131986,2624,1998m9,.45126984,.027620863,,,,,
1998-10-01,,01oct1998,6280,131999,2823,1998m10,.42834395,.024197783,,,,,
1998-11-01,,01nov1998,6100,132280,2510,1998m11,.4352459,.024996899,,,,,
1998-12-01,,01dec1998,6032,132602,2587,1998m12,.41744033,.023464315,,,,,
1999-01-01,,01jan1999,5976,133027,2462,1999m1,.40679383,.024214465,,,,,
1999-02-01,,01feb1999,6111,132856,2566,1999m2,.45835379,.024148392,,,,,
1999-03-01,,01mar1999,5783,132947,2473,1999m3,.44267681,.026864186,,,,,
1999-04-01,,01apr1999,6004,132955,2781,1999m4,.45286477,.024414271,,,,,
1999-05-01,,01may1999,5796,133311,2511,1999m5,.40821257,.023760293,,,,,
1999-06-01,,01jun1999,5951,133378,2521,1999m6,.43169215,.025270373,,,,,
1999-07-01,,01jul1999,6025,133414,2643,1999m7,.45360997,.024681296,,,,,
1999-08-01,,01aug1999,5838,133591,2546,1999m8,.43405277,.024962181,,,,,
1999-09-01,,01sep1999,5915,133707,2611,1999m9,.45190194,.024503415,,,,,
1999-10-01,,01oct1999,5778,133993,2536,1999m10,.45413637,.024737502,,,,,
1999-11-01,,01nov1999,5716,134309,2562,1999m11,.47323304,.02576825,,,,,
1999-12-01,,01dec1999,5653,134523,2642,1999m12,.4397665,.024212996,,,,,
2000-01-01,,01jan2000,5708,136559,2541,2000m1,.42992291,.02429012,,,,,
2000-02-01,,01feb2000,5858,136598,2604,2000m2,.49590304,.027061671,,,,,
2000-03-01,,01mar2000,5733,136701,2780,2000m3,.48177218,.024187729,,,,,
2000-04-01,,01apr2000,5481,137270,2510,2000m4,.41725963,.023602756,,,,,
2000-05-01,,01may2000,5758,136630,2564,2000m5,.46648142,.024617629,,,,,
2000-06-01,,01jun2000,5651,136940,2579,2000m6,.4250575,.023164738,,,,,
2000-07-01,,01jul2000,5747,136531,2498,2000m7,.42526534,.02372092,,,,,
2000-08-01,,01aug2000,5853,136662,2550,2000m8,.47821629,.02472472,,,,,
2000-09-01,,01sep2000,5625,136893,2571,2000m9,.46008888,.02369036,,,,,
2000-10-01,,01oct2000,5534,137088,2497,2000m10,.43494761,.023416463,,,,,
2000-11-01,,01nov2000,5639,137322,2512,2000m11,.44014895,.023127716,,,,,
2000-12-01,5088,01dec2000,5634,137614,2477,2000m12,.40095848,.024067203,.30215275,.021396361,.66015482,.062825464,.90308839
2001-01-01,5234,01jan2001,6023,137778,2648,2001m1,.46239415,.026915491,.30215275,.021396361,.66015482,.062825464,.86900216
2001-02-01,5097,01feb2001,6089,137612,2851,2001m2,.43176219,.02484612,.30215275,.021396361,.66015482,.062825464,.83708328
2001-03-01,4762,01mar2001,6141,137783,2681,2001m3,.46279109,.028064044,.30215275,.021396361,.66015482,.062825464,.77544373
2001-04-01,4615,01apr2001,6271,137299,2972,2001m4,.43788868,.02518693,.30215275,.021396361,.66015482,.062825464,.73592728
2001-05-01,4425,01may2001,6226,137092,2701,2001m5,.40957275,.02575735,.30215275,.021396361,.66015482,.062825464,.71072918
2001-06-01,4361,01jun2001,6484,136873,2808,2001m6,.39219618,.024011094,.30215275,.021396361,.66015482,.062825464,.67257863
2001-07-01,4447,01jul2001,6583,137071,2642,2001m7,.38082942,.026727784,.30215275,.021396361,.66015482,.062825464,.67552787
2001-08-01,4024,01aug2001,7042,136241,2966,2001m8,.388668,.025846187,.30215275,.021396361,.66015482,.062825464,.5714286
2001-09-01,4071,01sep2001,7142,136846,2837,2001m9,.35830301,.027695226,.30215275,.021396361,.66015482,.062825464,.5700084
2001-10-01,3707,01oct2001,7694,136392,3111,2001m10,.36145049,.027652858,.30215275,.021396361,.66015482,.062825464,.48180401
2001-11-01,3775,01nov2001,8003,136238,3090,2001m11,.34761965,.026981525,.30215275,.021396361,.66015482,.062825464,.47169811
2001-12-01,3677,01dec2001,8258,136047,3037,2001m12,.37781546,.02758579,.30215275,.021396361,.66015482,.062825464,.4452652
2002-01-01,3699,01jan2002,8182,135701,3044,2002m1,.36066976,.026827445,.30215275,.021396361,.66015482,.062825464,.45208997
2002-02-01,3436,01feb2002,8215,136438,2984,2002m2,.36335972,.027532477,.30215275,.021396361,.66015482,.062825464,.41825929
2002-03-01,3612,01mar2002,8304,136177,3074,2002m3,.31755781,.0255947,.30215275,.021396361,.66015482,.062825464,.43497109
2002-04-01,3471,01apr2002,8599,136126,2932,2002m4,.35387835,.025374871,.30215275,.021396361,.66015482,.062825464,.4036516
2002-05-01,3457,01may2002,8399,136539,2843,2002m5,.32349089,.02368628,.30215275,.021396361,.66015482,.062825464,.41159663
2002-06-01,3412,01jun2002,8393,136415,2711,2002m6,.34481114,.025607573,.30215275,.021396361,.66015482,.062825464,.40652925
2002-07-01,3367,01jul2002,8390,136413,2891,2002m7,.35911798,.026152885,.30215275,.021396361,.66015482,.062825464,.40131107
2002-08-01,3517,01aug2002,8304,136705,2927,2002m8,.3401975,.024433317,.30215275,.021396361,.66015482,.062825464,.42353082
2002-09-01,3301,01sep2002,8251,137302,2772,2002m9,.32832384,.024093291,.30215275,.021396361,.66015482,.062825464,.40007272
2002-10-01,3479,01oct2002,8307,137008,2765,2002m10,.32948115,.025778325,.30215275,.021396361,.66015482,.062825464,.41880342
2002-11-01,3514,01nov2002,8520,136521,2950,2002m11,.31901407,.024733117,.30215275,.021396361,.66015482,.062825464,.41244131
2002-12-01,3169,01dec2002,8640,136426,2838,2002m12,.34444445,.02528991,.30215275,.021396361,.66015482,.062825464,.3667824
2003-01-01,3441,01jan2003,8520,137417,2856,2003m1,.31690142,.024195114,.30215275,.021396361,.66015482,.062825464,.40387323
2003-02-01,3229,01feb2003,8618,137482,2798,2003m2,.33197957,.02469009,.30215275,.021396361,.66015482,.062825464,.37468091
2003-03-01,3099,01mar2003,8588,137434,2831,2003m3,.29576153,.02385788,.30215275,.021396361,.66015482,.062825464,.36085236
2003-04-01,3108,01apr2003,8842,137633,2794,2003m4,.3249265,.025921144,.30215275,.021396361,.66015482,.062825464,.35150418
2003-05-01,3289,01may2003,8957,137544,2988,2003m5,.28994083,.024710003,.30215275,.021396361,.66015482,.062825464,.36719882
2003-06-01,3390,01jun2003,9266,137790,2906,2003m6,.32106626,.023515144,.30215275,.021396361,.66015482,.062825464,.36585367
2003-07-01,2981,01jul2003,9011,137474,2720,2003m7,.32360449,.024307823,.30215275,.021396361,.66015482,.062825464,.33081788
2003-08-01,3190,01aug2003,8896,137549,2801,2003m8,.3011466,.023143196,.30215275,.021396361,.66015482,.062825464,.35858813
2003-09-01,3091,01sep2003,8921,137609,2704,2003m9,.32496357,.02351409,.30215275,.021396361,.66015482,.062825464,.34648582
2003-10-01,3305,01oct2003,8732,137984,2710,2003m10,.32203391,.022942787,.30215275,.021396361,.66015482,.062825464,.37849289
2003-11-01,3324,01nov2003,8576,138424,2656,2003m11,.32800838,.022070156,.30215275,.021396361,.66015482,.062825464,.38759327
2003-12-01,3414,01dec2003,8317,138411,2554,2003m12,.31646025,.023045192,.30215275,.021396361,.66015482,.062825464,.41048455
2004-01-01,3424,01jan2004,8370,138472,2685,2004m1,.31397849,.020773834,.30215275,.021396361,.66015482,.062825464,.40908006
2004-02-01,3532,01feb2004,8167,138542,2425,2004m2,.28321293,.022173908,.30215275,.021396361,.66015482,.062825464,.43247214
2004-03-01,3525,01mar2004,8491,138453,2637,2004m3,.36521024,.024564646,.30215275,.021396361,.66015482,.062825464,.41514546
2004-04-01,3511,01apr2004,8170,138680,2780,2004m4,.32815176,.023489131,.30215275,.021396361,.66015482,.062825464,.42974296
2004-05-01,3710,01may2004,8212,138852,2723,2004m5,.31697515,.02291056,.30215275,.021396361,.66015482,.062825464,.45177788
2004-06-01,3337,01jun2004,8286,139174,2677,2004m6,.35843593,.024686707,.30215275,.021396361,.66015482,.062825464,.40272748
2004-07-01,3814,01jul2004,8136,139556,2820,2004m7,.34488693,.023032201,.30215275,.021396361,.66015482,.062825464,.46878073
2004-08-01,3541,01aug2004,7990,139573,2660,2004m8,.35306633,.023996435,.30215275,.021396361,.66015482,.062825464,.44317898
2004-09-01,3821,01sep2004,7927,139487,2758,2004m9,.32774064,.023424661,.30215275,.021396361,.66015482,.062825464,.48202348
2004-10-01,3943,01oct2004,8061,139732,2732,2004m10,.34325767,.022790505,.30215275,.021396361,.66015482,.062825464,.48914528
2004-11-01,3472,01nov2004,7932,140231,2638,2004m11,.34871408,.023907259,.30215275,.021396361,.66015482,.062825464,.43772063
2004-12-01,4074,01dec2004,7934,140125,2768,2004m12,.35102093,.022807613,.30215275,.021396361,.66015482,.062825464,.51348627
2005-01-01,3804,01jan2005,7784,140245,2635,2005m1,.32798046,.02344639,.30215275,.021396361,.66015482,.062825464,.48869476
2005-02-01,3965,01feb2005,7980,140385,2749,2005m2,.34160402,.02133034,.30215275,.021396361,.66015482,.062825464,.49686718
2005-03-01,4044,01mar2005,7737,140654,2483,2005m3,.35582268,.023246551,.30215275,.021396361,.66015482,.062825464,.5226832
2005-04-01,4159,01apr2005,7672,141254,2688,2005m4,.36170492,.023801321,.30215275,.021396361,.66015482,.062825464,.54210114
2005-05-01,3797,01may2005,7651,141609,2754,2005m5,.36413541,.022956735,.30215275,.021396361,.66015482,.062825464,.49627501
2005-06-01,4062,01jun2005,7524,141714,2659,2005m6,.35699096,.022058314,.30215275,.021396361,.66015482,.062825464,.53987241
2005-07-01,4256,01jul2005,7406,142026,2568,2005m7,.3552525,.022003716,.30215275,.021396361,.66015482,.062825464,.57466918
2005-08-01,4142,01aug2005,7345,142434,2570,2005m8,.34785569,.023482764,.30215275,.021396361,.66015482,.062825464,.56392103
2005-09-01,4352,01sep2005,7553,142401,2763,2005m9,.37322918,.023474686,.30215275,.021396361,.66015482,.062825464,.57619488
2005-10-01,4184,01oct2005,7453,142548,2719,2005m10,.36361197,.024204351,.30215275,.021396361,.66015482,.062825464,.56138468
2005-11-01,4248,01nov2005,7566,142499,2823,2005m11,.37998942,.022421496,.30215275,.021396361,.66015482,.062825464,.56145918
2005-12-01,4282,01dec2005,7279,142752,2588,2005m12,.3767001,.02180993,.30215275,.021396361,.66015482,.062825464,.58826762
2006-01-01,4397,01jan2006,7064,143150,2527,2006m1,.34781992,.021791929,.30215275,.021396361,.66015482,.062825464,.62245184
2006-02-01,4325,01feb2006,7184,143457,2577,2006m2,.38571826,.022963986,.30215275,.021396361,.66015482,.062825464,.6020323
2006-03-01,4732,01mar2006,7072,143741,2659,2006m3,.37005091,.022749534,.30215275,.021396361,.66015482,.062825464,.66911763
2006-04-01,4790,01apr2006,7120,143761,2665,2006m4,.37710676,.021816583,.30215275,.021396361,.66015482,.062825464,.6727528
2006-05-01,4463,01may2006,6980,144089,2545,2006m5,.38452721,.023241641,.30215275,.021396361,.66015482,.062825464,.63939828
2006-06-01,4614,01jun2006,7001,144353,2705,2006m6,.36380517,.023040809,.30215275,.021396361,.66015482,.062825464,.65904874
2006-07-01,4394,01jul2006,7175,144202,2721,2006m7,.37449476,.022209793,.30215275,.021396361,.66015482,.062825464,.61240417
2006-08-01,4710,01aug2006,7091,144625,2603,2006m8,.40219998,.022572091,.30215275,.021396361,.66015482,.062825464,.66422224
2006-09-01,4737,01sep2006,6847,144815,2608,2006m9,.39959106,.022574764,.30215275,.021396361,.66015482,.062825464,.69183582
2006-10-01,4591,01oct2006,6727,145314,2616,2006m10,.35171697,.020967057,.30215275,.021396361,.66015482,.062825464,.6824736
2006-11-01,4645,01nov2006,6872,145534,2511,2006m11,.39377183,.022210738,.30215275,.021396361,.66015482,.062825464,.67593133
2006-12-01,4620,01dec2006,6762,145970,2596,2006m12,.32638273,.020966204,.30215275,.021396361,.66015482,.062825464,.6832298
2007-01-01,4763,01jan2007,7116,146028,2561,2007m1,.38827994,.021873223,.30215275,.021396361,.66015482,.062825464,.66933668
2007-02-01,4699,01feb2007,6927,146057,2574,2007m2,.36133969,.019278191,.30215275,.021396361,.66015482,.062825464,.67836004
2007-03-01,4962,01mar2007,6731,146320,2307,2007m3,.34719953,.020311138,.30215275,.021396361,.66015482,.062825464,.73718613
2007-04-01,4689,01apr2007,6850,145586,2456,2007m4,.3719708,.020791648,.30215275,.021396361,.66015482,.062825464,.68452555
2007-05-01,4657,01may2007,6766,145903,2464,2007m5,.34555128,.021136006,.30215275,.021396361,.66015482,.062825464,.68829441
2007-06-01,4859,01jun2007,6979,146063,2551,2007m6,.33414531,.020565532,.30215275,.021396361,.66015482,.062825464,.69623154
2007-07-01,4598,01jul2007,7149,145905,2502,2007m7,.37711567,.02207892,.30215275,.021396361,.66015482,.062825464,.6431669
2007-08-01,4546,01aug2007,7067,145682,2614,2007m8,.34724778,.021239636,.30215275,.021396361,.66015482,.062825464,.64327157
2007-09-01,4652,01sep2007,7170,146244,2557,2007m9,.34560668,.02103783,.30215275,.021396361,.66015482,.062825464,.6488145
2007-10-01,4636,01oct2007,7237,145946,2545,2007m10,.36506841,.022169909,.30215275,.021396361,.66015482,.062825464,.64059693
2007-11-01,4646,01nov2007,7240,146595,2645,2007m11,.31947514,.02206558,.30215275,.021396361,.66015482,.062825464,.64171273
2007-12-01,4545,01dec2007,7645,146273,2718,2007m12,.32884237,.020896295,.30215275,.021396361,.66015482,.062825464,.5945062
2008-01-01,4624,01jan2008,7685,146378,2554,2008m1,.36968121,.022234067,.30215275,.021396361,.66015482,.062825464,.6016916
2008-02-01,4279,01feb2008,7497,146156,2653,2008m2,.33319995,.023176119,.30215275,.021396361,.66015482,.062825464,.57076162
2008-03-01,4225,01mar2008,7822,146086,2823,2008m3,.34236768,.020589959,.30215275,.021396361,.66015482,.062825464,.54014319
2008-04-01,4035,01apr2008,7637,146132,2493,2008m4,.32997251,.026863957,.30215275,.021396361,.66015482,.062825464,.5283488
2008-05-01,4194,01may2008,8395,145908,3278,2008m5,.30649197,.022282803,.30215275,.021396361,.66015482,.062825464,.4995831
2008-06-01,3830,01jun2008,8575,145737,2753,2008m6,.29061225,.022912556,.30215275,.021396361,.66015482,.062825464,.44664723
2008-07-01,3749,01jul2008,8937,145532,2854,2008m7,.30826899,.026449934,.30215275,.021396361,.66015482,.062825464,.41949201
2008-08-01,3674,01aug2008,9438,145203,3256,2008m8,.29582539,.023018673,.30215275,.021396361,.66015482,.062825464,.3892774
2008-09-01,3222,01sep2008,9494,145076,2848,2008m9,.27280387,.025301836,.30215275,.021396361,.66015482,.062825464,.33937225
2008-10-01,3377,01oct2008,10074,144802,3170,2008m10,.28499106,.026858693,.30215275,.021396361,.66015482,.062825464,.33521938
2008-11-01,3231,01nov2008,10538,144100,3335,2008m11,.23790093,.02563815,.30215275,.021396361,.66015482,.062825464,.30660468
2008-12-01,3146,01dec2008,11286,143369,3255,2008m12,.24384193,.027992845,.30215275,.021396361,.66015482,.062825464,.27875245
2009-01-01,2738,01jan2009,12058,142152,3524,2009m1,.21645381,.027215214,.30215275,.021396361,.66015482,.062825464,.22706917
2009-02-01,2864,01feb2009,12898,141640,3450,2009m2,.22770973,.027606571,.30215275,.021396361,.66015482,.062825464,.22204994
2009-03-01,2534,01mar2009,13426,140707,3465,2009m3,.21681811,.026607556,.30215275,.021396361,.66015482,.062825464,.18873827
2009-04-01,2295,01apr2009,13853,140656,3338,2009m4,.18768498,.025467515,.30215275,.021396361,.66015482,.062825464,.16566809
2009-05-01,2549,01may2009,14499,140248,3246,2009m5,.20042762,.024676446,.30215275,.021396361,.66015482,.062825464,.17580523
2009-06-01,2503,01jun2009,14707,140009,3114,2009m6,.22050723,.025182122,.30215275,.021396361,.66015482,.062825464,.17019106
2009-07-01,2232,01jul2009,14601,139901,3137,2009m7,.18676803,.023179451,.30215275,.021396361,.66015482,.062825464,.15286624
2009-08-01,2338,01aug2009,14814,139492,2940,2009m8,.17861483,.022364033,.30215275,.021396361,.66015482,.062825464,.15782368
2009-09-01,2487,01sep2009,15009,138818,2841,2009m9,.19188488,.025681386,.30215275,.021396361,.66015482,.062825464,.16570058
2009-10-01,2406,01oct2009,15352,138432,3223,2009m10,.19209224,.02250349,.30215275,.021396361,.66015482,.062825464,.15672225
2009-11-01,2503,01nov2009,15219,138659,2816,2009m11,.19712202,.023033358,.30215275,.021396361,.66015482,.062825464,.16446547
2009-12-01,2568,01dec2009,15098,138013,2879,2009m12,.1969135,.023476047,.30215275,.021396361,.66015482,.062825464,.17008875
2010-01-01,2837,01jan2010,15046,138438,2921,2010m1,.18210821,.022307405,.30215275,.021396361,.66015482,.062825464,.18855509
2010-02-01,2666,01feb2010,15113,138581,2807,2010m2,.17733078,.02192509,.30215275,.021396361,.66015482,.062825464,.17640442
2010-03-01,2679,01mar2010,15202,138751,2769,2010m3,.1711617,.021477567,.30215275,.021396361,.66015482,.062825464,.17622681
2010-04-01,3153,01apr2010,15325,139297,2725,2010m4,.21200652,.022267537,.30215275,.021396361,.66015482,.062825464,.20574225
2010-05-01,2988,01may2010,14849,139241,2773,2010m5,.2059398,.021480605,.30215275,.021396361,.66015482,.062825464,.20122567
2010-06-01,2801,01jun2010,14474,139141,2683,2010m6,.19123946,.022298798,.30215275,.021396361,.66015482,.062825464,.19351941
2010-07-01,3082,01jul2010,14512,139179,2806,2010m7,.17468302,.021027705,.30215275,.021396361,.66015482,.062825464,.21237597
2010-08-01,2999,01aug2010,14648,139438,2671,2010m8,.19716002,.022427803,.30215275,.021396361,.66015482,.062825464,.20473784
2010-09-01,2918,01sep2010,14579,139396,2819,2010m9,.18643254,.02100441,.30215275,.021396361,.66015482,.062825464,.20015091
2010-10-01,3235,01oct2010,14516,139119,2655,2010m10,.16168366,.022772707,.30215275,.021396361,.66015482,.062825464,.22285753
2010-11-01,3211,01nov2010,15081,139044,2912,2010m11,.22717327,.021849817,.30215275,.021396361,.66015482,.062825464,.21291691
2010-12-01,3058,01dec2010,14348,139301,2693,2010m12,.21055199,.021550765,.30215275,.021396361,.66015482,.062825464,.21313076
2011-01-01,3104,01jan2011,14013,139250,2686,2011m1,.18996646,.01959157,.30215275,.021396361,.66015482,.062825464,.22150859
2011-02-01,3226,01feb2011,13820,139394,2469,2011m2,.1894356,.020088611,.30215275,.021396361,.66015482,.062825464,.2334298
2011-03-01,3261,01mar2011,13737,139639,2535,2011m3,.18686758,.022015609,.30215275,.021396361,.66015482,.062825464,.23738807
2011-04-01,3259,01apr2011,13957,139586,2787,2011m4,.19846672,.02121933,.30215275,.021396361,.66015482,.062825464,.23350289
2011-05-01,3179,01may2011,13855,139624,2668,2011m5,.20396969,.023392051,.30215275,.021396361,.66015482,.062825464,.22944786
2011-06-01,3455,01jun2011,13962,139384,2933,2011m6,.20276465,.021013482,.30215275,.021396361,.66015482,.062825464,.24745739
2011-07-01,3623,01jul2011,13763,139524,2632,2011m7,.18854901,.020970093,.30215275,.021396361,.66015482,.062825464,.26324204
2011-08-01,3329,01aug2011,13818,139942,2650,2011m8,.18989724,.02174416,.30215275,.021396361,.66015482,.062825464,.24091764
2011-09-01,3774,01sep2011,13948,140183,2754,2011m9,.21666189,.021344539,.30215275,.021396361,.66015482,.062825464,.27057642
2011-10-01,3619,01oct2011,13594,140368,2668,2011m10,.20950419,.020339929,.30215275,.021396361,.66015482,.062825464,.26622039
2011-11-01,3565,01nov2011,13302,140826,2556,2011m11,.21703503,.021331182,.30215275,.021396361,.66015482,.062825464,.2680048
2011-12-01,3768,01dec2011,13093,140902,2678,2011m12,.21156344,.019635366,.30215275,.021396361,.66015482,.062825464,.28778738
2012-01-01,3909,01jan2012,12797,141584,2474,2012m1,.20270376,.020513354,.30215275,.021396361,.66015482,.062825464,.30546221
2012-02-01,3616,01feb2012,12813,141858,2610,2012m2,.21915242,.021438682,.30215275,.021396361,.66015482,.062825464,.28221339
2012-03-01,3979,01mar2012,12713,142036,2708,2012m3,.2116731,.020660864,.30215275,.021396361,.66015482,.062825464,.3129867
2012-04-01,3793,01apr2012,12646,141899,2624,2012m4,.20053773,.01997322,.30215275,.021396361,.66015482,.062825464,.29993674
2012-05-01,3835,01may2012,12660,142206,2550,2012m5,.21445498,.021637144,.30215275,.021396361,.66015482,.062825464,.30292258
2012-06-01,3911,01jun2012,12692,142391,2747,2012m6,.21257485,.02091836,.30215275,.021396361,.66015482,.062825464,.30814686
2012-07-01,3735,01jul2012,12656,142292,2662,2012m7,.23459229,.022165306,.30215275,.021396361,.66015482,.062825464,.29511693
2012-08-01,3809,01aug2012,12471,142291,2784,2012m8,.23205838,.020177914,.30215275,.021396361,.66015482,.062825464,.30542859
2012-09-01,3882,01sep2012,12115,143044,2538,2012m9,.21675609,.020659996,.30215275,.021396361,.66015482,.062825464,.32042921
2012-10-01,3775,01oct2012,12124,143431,2635,2012m10,.22591554,.020592732,.30215275,.021396361,.66015482,.062825464,.31136587
2012-11-01,3878,01nov2012,12005,143333,2620,2012m11,.20516452,.021425866,.30215275,.021396361,.66015482,.062825464,.32303208
2012-12-01,3970,01dec2012,12298,143330,2756,2012m12,.21198569,.021695351,.30215275,.021396361,.66015482,.062825464,.32281673
2013-01-01,3923,01jan2013,12471,143292,2780,2013m1,.25932163,.02175401,.30215275,.021396361,.66015482,.062825464,.3145698
2013-02-01,4004,01feb2013,11950,143362,2713,2013m2,.22786611,.019381503,.30215275,.021396361,.66015482,.062825464,.33506277
2013-03-01,4076,01mar2013,11689,143316,2462,2013m3,.20669004,.019353332,.30215275,.021396361,.66015482,.062825464,.34870392
2013-04-01,3988,01apr2013,11760,143635,2487,2013m4,.23639455,.021112015,.30215275,.021396361,.66015482,.062825464,.33911565
2013-05-01,4145,01may2013,11654,143882,2674,2013m5,.22164063,.020947818,.30215275,.021396361,.66015482,.062825464,.35567188
2013-06-01,4150,01jun2013,11751,143999,2680,2013m6,.24755339,.019758228,.30215275,.021396361,.66015482,.062825464,.35316142
2013-07-01,3885,01jul2013,11335,144264,2493,2013m7,.2232907,.01931216,.30215275,.021396361,.66015482,.062825464,.34274372
2013-08-01,4085,01aug2013,11279,144326,2475,2013m8,.23166947,.020406239,.30215275,.021396361,.66015482,.062825464,.36217749
2013-09-01,4128,01sep2013,11270,144418,2604,2013m9,.26237801,.022499053,.30215275,.021396361,.66015482,.062825464,.36628217
2013-10-01,4222,01oct2013,11136,143537,2823,2013m10,.24766523,.019155163,.30215275,.021396361,.66015482,.062825464,.37913075
2013-11-01,4119,01nov2013,10787,144479,2409,2013m11,.25132105,.018428847,.30215275,.021396361,.66015482,.062825464,.38184851
2013-12-01,4121,01dec2013,10404,144778,2328,2013m12,.25711265,.019601181,.30215275,.021396361,.66015482,.062825464,.39609766
2014-01-01,4127,01jan2014,10202,145150,2473,2014m1,.21848658,.018376818,.30215275,.021396361,.66015482,.062825464,.40452853
2014-02-01,4373,01feb2014,10349,145134,2376,2014m2,.23209973,.018964665,.30215275,.021396361,.66015482,.062825464,.42255291
2014-03-01,4388,01mar2014,10380,145648,2433,2014m3,.29884392,.019566534,.30215275,.021396361,.66015482,.062825464,.42273602
2014-04-01,4566,01apr2014,9702,145667,2424,2014m4,.25036076,.02029312,.30215275,.021396361,.66015482,.062825464,.47062463
2014-05-01,4747,01may2014,9859,145825,2586,2014m5,.28562734,.019336125,.30215275,.021396361,.66015482,.062825464,.481489
2014-06-01,4982,01jun2014,9460,146247,2417,2014m6,.25930232,.020434313,.30215275,.021396361,.66015482,.062825464,.52663845
2014-07-01,4846,01jul2014,9608,146399,2601,2014m7,.27362615,.020732818,.30215275,.021396361,.66015482,.062825464,.50437135
2014-08-01,5349,01aug2014,9599,146530,2620,2014m8,.28148764,.018783733,.30215275,.021396361,.66015482,.062825464,.55724555
2014-09-01,4914,01sep2014,9262,146778,2365,2014m9,.2986396,.019974189,.30215275,.021396361,.66015482,.062825464,.53055495
2014-10-01,5012,01oct2014,8990,147427,2494,2014m10,.2640712,.019333957,.30215275,.021396361,.66015482,.062825464,.55750835
2014-11-01,4843,01nov2014,9090,147404,2474,2014m11,.30176017,.018935207,.30215275,.021396361,.66015482,.062825464,.53278327
2014-12-01,5130,01dec2014,8717,147615,2370,2014m12,.25524837,.018582691,.30215275,.021396361,.66015482,.062825464,.58850521
2015-01-01,5344,01jan2015,8885,148145,2393,2015m1,.30140686,.01901143,.30215275,.021396361,.66015482,.062825464,.60146314
2015-02-01,5466,01feb2015,8599,148045,2392,2015m2,.29398766,.019353312,.30215275,.021396361,.66015482,.062825464,.63565528
2015-03-01,5210,01mar2015,8515,148128,2444,2015m3,.31485614,.021761339,.30215275,.021396361,.66015482,.062825464,.61186141
2015-04-01,5598,01apr2015,8550,148511,2716,2015m4,.25578949,.019078543,.30215275,.021396361,.66015482,.062825464,.65473682
2015-05-01,5563,01may2015,8834,148817,2471,2015m5,.32782432,.0185575,.30215275,.021396361,.66015482,.062825464,.62972605
2015-06-01,5248,01jun2015,8247,148816,2309,2015m6,.321814,.020613361,.30215275,.021396361,.66015482,.062825464,.6363526
2015-07-01,6056,01jul2015,8167,148830,2574,2015m7,.27525407,.016151531,.30215275,.021396361,.66015482,.062825464,.74152076
2015-08-01,5467,01aug2015,7992,149181,2073,2015m8,.30643144,.018713765,.30215275,.021396361,.66015482,.062825464,.68405908
2015-09-01,5488,01sep2015,7907,148826,2364,2015m9,.29809031,.018729636,.30215275,.021396361,.66015482,.062825464,.69406855
2015-10-01,5773,01oct2015,7922,149246,2372,2015m10,.29083565,.018676059,.30215275,.021396361,.66015482,.062825464,.72873014
2015-11-01,5708,01nov2015,8000,149463,2382,2015m11,.31150001,.019011898,.30215275,.021396361,.66015482,.062825464,.71350002
2015-12-01,5845,01dec2015,7907,150128,2399,2015m12,.30934614,.017067583,.30215275,.021396361,.66015482,.062825464,.73921841
2016-01-01,6012,01jan2016,7627,150653,2166,2016m1,.28320441,.017282682,.30215275,.021396361,.66015482,.062825464,.78825223
2016-02-01,5770,01feb2016,7702,150939,2235,2016m2,.28044665,.018640121,.30215275,.021396361,.66015482,.062825464,.74915606
2016-03-01,6129,01mar2016,7961,151218,2419,2016m3,.31252354,.020331001,.30215275,.021396361,.66015482,.062825464,.76987815
2016-04-01,5803,01apr2016,8067,151074,2594,2016m4,.33209372,.017969875,.30215275,.021396361,.66015482,.062825464,.71935046
2016-05-01,5777,01may2016,7652,151132,2264,2016m5,.30109775,.018663453,.30215275,.021396361,.66015482,.062825464,.75496602
2016-06-01,5742,01jun2016,7744,151223,2396,2016m6,.29777893,.017116331,.30215275,.021396361,.66015482,.062825464,.74147725
2016-07-01,5962,01jul2016,7641,151554,2203,2016m7,.28032979,.017534913,.30215275,.021396361,.66015482,.062825464,.78026438
2016-08-01,5677,01aug2016,7784,151779,2285,2016m8,.3123073,.020300105,.30215275,.021396361,.66015482,.062825464,.72931653
2016-09-01,5868,01sep2016,7953,151761,2600,2016m9,.32390293,.019137766,.30215275,.021396361,.66015482,.062825464,.73783475
2016-10-01,5591,01oct2016,7811,151793,2434,2016m10,.34080145,.019090371,.30215275,.021396361,.66015482,.062825464,.71578544
2016-11-01,5971,01nov2016,7553,151954,2404,2016m11,.31590095,.018397409,.30215275,.021396361,.66015482,.062825464,.79054677
2016-12-01,5964,01dec2016,7521,152157,2354,2016m12,.32934451,.019071452,.30215275,.021396361,.66015482,.062825464,.79297966
2017-01-01,5617,01jan2017,7468,152152,2424,2017m1,.3481521,.019981541,.30215275,.021396361,.66015482,.062825464,.75214249
2017-02-01,5923,01feb2017,7379,152480,2511,2017m2,.35682341,.018575018,.30215275,.021396361,.66015482,.062825464,.80268329
2017-03-01,5811,01mar2017,7073,153065,2327,2017m3,.32631132,.018143268,.30215275,.021396361,.66015482,.062825464,.82157499
2017-04-01,6091,01apr2017,7089,153255,2324,2017m4,.31104529,.01634982,.30215275,.021396361,.66015482,.062825464,.85921848
2017-05-01,5826,01may2017,7000,153069,2116,2017m5,.34971428,.018376328,.30215275,.021396361,.66015482,.062825464,.8322857
2017-06-01,6305,01jun2017,6873,153318,2321,2017m6,.29914156,.015914273,.30215275,.021396361,.66015482,.062825464,.9173578
2017-07-01,6238,01jul2017,6892,153569,2075,2017m7,.30005804,.017298812,.30215275,.021396361,.66015482,.062825464,.90510738
2017-08-01,6276,01aug2017,7082,153503,2258,2017m8,.34919515,.017718777,.30215275,.021396361,.66015482,.062825464,.88619035
2017-09-01,6320,01sep2017,6854,154286,2245,2017m9,.33265248,.016528772,.30215275,.021396361,.66015482,.062825464,.92208928
2017-10-01,6408,01oct2017,6700,153609,2126,2017m10,.32895523,.017749207,.30215275,.021396361,.66015482,.062825464,.95641792
2017-11-01,6271,01nov2017,6774,153805,2278,2017m11,.35119575,.017642349,.30215275,.021396361,.66015482,.062825464,.92574549
2017-12-01,6336,01dec2017,6632,153904,2237,2017m12,.35931846,.01786878,.30215275,.021396361,.66015482,.062825464,.95536792
2018-01-01,6589,01jan2018,6505,154493,2256,2018m1,.37033051,.019779759,.30215275,.021396361,.66015482,.062825464,1.0129131
2018-02-01,6578,01feb2018,6586,155259,2490,2018m2,.3720012,.018365141,.30215275,.021396361,.66015482,.062825464,.99878532
2018-03-01,6818,01mar2018,6457,155303,2321,2018m3,.33498529,.016660107,.30215275,.021396361,.66015482,.062825464,1.0559083
2018-04-01,6903,01apr2018,6448,155362,2154,2018m4,.34444788,.015248247,.30215275,.021396361,.66015482,.062825464,1.0705645
2018-05-01,6996,01may2018,6188,155694,1961,2018m5,.3225598,.017260961,.30215275,.021396361,.66015482,.062825464,1.1305753
2018-06-01,7237,01jun2018,6446,155734,2254,2018m6,.34626123,.015212973,.30215275,.021396361,.66015482,.062825464,1.1227118
2018-07-01,7196,01jul2018,6173,156115,1959,2018m7,.36416653,.017558277,.30215275,.021396361,.66015482,.062825464,1.1657217
2018-08-01,7211,01aug2018,6167,155512,2242,2018m8,.35073781,.016071424,.30215275,.021396361,.66015482,.062825464,1.1692882
2018-09-01,7340,01sep2018,6065,155970,2061,2018m9,.30799669,.015407248,.30215275,.021396361,.66015482,.062825464,1.2102226
2018-10-01,7365,01oct2018,6230,156294,2033,2018m10,.3637239,.016954711,.30215275,.021396361,.66015482,.062825464,1.182183
2018-11-01,7558,01nov2018,6132,156606,2168,2018m11,.30919766,.016186425,.30215275,.021396361,.66015482,.062825464,1.2325505
2018-12-01,7435,01dec2018,6379,156767,2143,2018m12,.35632545,.018255631,.30215275,.021396361,.66015482,.062825464,1.1655432
2019-01-01,7473,01jan2019,6458,156614,2352,2019m1,.40337566,.0181481,.30215275,.021396361,.66015482,.062825464,1.1571695
2019-02-01,7058,01feb2019,6122,156992,2269,2019m2,.35151911,.016970744,.30215275,.021396361,.66015482,.062825464,1.1528912
2019-03-01,7320,01mar2019,6166,156869,2196,2019m3,.36068764,.015212479,.30215275,.021396361,.66015482,.062825464,1.1871554
2019-04-01,7224,01apr2019,5898,156744,1956,2019m4,.34859276,.016171642,.30215275,.021396361,.66015482,.062825464,1.2248219
2019-05-01,7295,01may2019,5935,156868,2093,2019m5,.32148272,.014272386,.30215275,.021396361,.66015482,.062825464,1.2291491
2019-06-01,7147,01jun2019,5906,157123,1879,2019m6,.34202507,.016107114,.30215275,.021396361,.66015482,.062825464,1.2101253
2019-07-01,7080,01jul2019,5984,157488,2098,2019m7,.37867647,.017819447,.30215275,.021396361,.66015482,.062825464,1.1831551
2019-08-01,7142,01aug2019,5993,157780,2275,2019m8,.34456867,.014073833,.30215275,.021396361,.66015482,.062825464,1.1917237
2019-09-01,7100,01sep2019,5766,158249,1838,2019m9,.29621923,.014257018,.30215275,.021396361,.66015482,.062825464,1.2313563
2019-10-01,7417,01oct2019,5980,158356,1922,2019m10,.35367894,.01584167,.30215275,.021396361,.66015482,.062825464,1.240301
2019-11-01,6896,01nov2019,5930,158504,2065,2019m11,.36475548,.016157856,.30215275,.021396361,.66015482,.062825464,1.1629004
2019-12-01,6741,01dec2019,5861,158772,2094,2019m12,,,.30215275,.021396361,.66015482,.062825464,1.1501451
