qdate,urate,frate,srate,vacancies,unemp,q_frate,q_srate,avg_qfrate,avg_qsrate,avg_urate,tightness
1948q1,3.733333333333333,.55525714,.032855175,,2253.666666666667,.91203153,.095362604,.78043771,.088604279,5.7341437,
1948q2,3.666666666666667,.57468408,.029613905,,2239.333333333333,.92306304,.086236738,.78043771,.088604279,5.7341437,
1948q3,3.766666666666667,.57179958,.031650793,,2288.333333333333,.92148703,.091978766,.78043771,.088604279,5.7341437,
1948q4,3.833333333333333,.55295134,.033019468,,2324.333333333333,.91065621,.095823549,.78043771,.088604279,5.7341437,
1949q1,4.666666666666667,.4994294,.037336484,,2825,.87457156,.10787946,.78043771,.088604279,5.7341437,
1949q2,5.866666666666666,.43011564,.040364671,,3581,.81491971,.11627186,.78043771,.088604279,5.7341437,
1949q3,6.7,.40860528,.042646788,,4117.666666666667,.79316103,.12256169,.78043771,.088604279,5.7341437,
1949q4,6.966666666666666,.47013047,.03988459,,4325,.85123295,.11494488,.78043771,.088604279,5.7341437,
1950q1,6.399999999999999,.42476851,.033556238,,3946,.80966091,.097328432,.78043771,.088604279,5.7341437,
1950q2,5.566666666666667,.46279269,.032052405,,3458.666666666667,.84496641,.093108073,.78043771,.088604279,5.7341437,
1950q3,4.633333333333334,.49195924,.02814615,,2897.666666666667,.86887193,.082084127,.78043771,.088604279,5.7341437,
1950q4,4.233333333333333,.54094034,.03007759,,2617.666666666667,.90325969,.087545998,.78043771,.088604279,5.7341437,
1951q1,3.5,.59159738,.027533656,,2182.333333333333,.93188143,.080347538,.78043771,.088604279,5.7341437,
1951q2,3.1,.58862042,.0271075,,1923.333333333333,.93038094,.079137966,.78043771,.088604279,5.7341437,
1951q3,3.166666666666667,.59111011,.029649638,,1983.333333333333,.93163729,.086337678,.78043771,.088604279,5.7341437,
1951q4,3.366666666666667,.57654148,.026812661,,2110.666666666667,.92406666,.078300506,.78043771,.088604279,5.7341437,
1952q1,3.066666666666667,.63198251,.028040143,,1914,.95015687,.081783727,.78043771,.088604279,5.7341437,
1952q2,2.966666666666667,.6087532,.028406942,,1852.666666666667,.94011027,.082822889,.78043771,.088604279,5.7341437,
1952q3,3.233333333333333,.59863728,.027316937,,2004.666666666667,.93534368,.079732552,.78043771,.088604279,5.7341437,
1952q4,2.833333333333333,.59329468,.024414685,,1749.666666666667,.93272722,.07147038,.78043771,.088604279,5.7341437,
1953q1,2.7,.6513148,.025821164,,1707.333333333333,.95760638,.075480513,.78043771,.088604279,5.7341437,
1953q2,2.566666666666667,.61307949,.023209149,,1642,.94207513,.068023957,.78043771,.088604279,5.7341437,
1953q3,2.733333333333334,.61600286,.027408114,,1715.333333333333,.94337815,.079991318,.78043771,.088604279,5.7341437,
1953q4,3.7,.51695085,.034873042,,2334.333333333333,.88728702,.10101315,.78043771,.088604279,5.7341437,
1954q1,5.266666666666667,.44898748,.036789749,,3338.333333333333,.83270442,.10635858,.78043771,.088604279,5.7341437,
1954q2,5.8,.44500101,.034596853,,3689,.82904708,.10024114,.78043771,.088604279,5.7341437,
1954q3,5.966666666666666,.41478965,.033421192,,3813.333333333333,.79958236,.09694998,.78043771,.088604279,5.7341437,
1954q4,5.333333333333333,.46508801,.030778959,,3421.333333333333,.84694517,.089524001,.78043771,.088604279,5.7341437,
1955q1,4.733333333333333,.42899701,.026398376,,3014.666666666667,.81382769,.077122897,.78043771,.088604279,5.7341437,
1955q2,4.399999999999999,.50525755,.028090015,,2832.333333333333,.87890184,.081925064,.78043771,.088604279,5.7341437,
1955q3,4.1,.49787089,.02991995,,2698,.87339634,.087101027,.78043771,.088604279,5.7341437,
1955q4,4.233333333333333,.50461346,.028593695,,2790.333333333333,.87842828,.083351664,.78043771,.088604279,5.7341437,
1956q1,4.033333333333334,.51749563,.029324872,,2678.666666666667,.88766795,.08541999,.78043771,.088604279,5.7341437,
1956q2,4.2,.49470884,.03096286,,2797.666666666667,.8709895,.090042166,.78043771,.088604279,5.7341437,
1956q3,4.133333333333334,.53416038,.028816549,,2762.666666666667,.89890975,.083982393,.78043771,.088604279,5.7341437,
1956q4,4.133333333333333,.49448073,.029808348,,2740.666666666667,.87081468,.08678592,.78043771,.088604279,5.7341437,
1957q1,3.933333333333334,.51229763,.027047679,,2642.333333333333,.88399822,.078968093,.78043771,.088604279,5.7341437,
1957q2,4.100000000000001,.48802611,.028776892,,2722,.86580282,.08387018,.78043771,.088604279,5.7341437,
1957q3,4.233333333333333,.47817624,.029194821,,2828.666666666667,.85790735,.085052334,.78043771,.088604279,5.7341437,
1957q4,4.933333333333334,.40417257,.031941298,,3316.666666666667,.7884751,.092795745,.78043771,.088604279,5.7341437,
1958q1,6.3,.36095837,.036844134,,4223.333333333333,.73903185,.10650995,.78043771,.088604279,5.7341437,
1958q2,7.366666666666667,.35803333,.035127409,,4993.666666666667,.73543191,.10172377,.78043771,.088604279,5.7341437,
1958q3,7.333333333333333,.37140021,.032686368,,4975,.75161654,.094888829,.78043771,.088604279,5.7341437,
1958q4,6.366666666666667,.40893668,.031650543,,4316.333333333333,.79350859,.091978066,.78043771,.088604279,5.7341437,
1959q1,5.833333333333333,.42340732,.029808218,,3944.666666666667,.80830652,.086785547,.78043771,.088604279,5.7341437,
1959q2,5.100000000000001,.44229969,.030340213,,3493,.82653868,.088286981,.78043771,.088604279,5.7341437,
1959q3,5.266666666666667,.42022559,.032268222,,3630.333333333333,.80511558,.09371455,.78043771,.088604279,5.7341437,
1959q4,5.600000000000001,.46089378,.033627659,,3855.333333333333,.84331661,.097528547,.78043771,.088604279,5.7341437,
1960q1,5.133333333333334,.45008549,.03190507,,3556.666666666667,.83370256,.092693888,.78043771,.088604279,5.7341437,
1960q2,5.233333333333333,.45188582,.033678234,,3651.666666666667,.83533055,.097670227,.78043771,.088604279,5.7341437,
1960q3,5.533333333333334,.4090412,.032937337,,3888.666666666667,.79361808,.09559314,.78043771,.088604279,5.7341437,
1960q4,6.266666666666666,.40041023,.036126133,,4399.666666666667,.78444272,.10451026,.78043771,.088604279,5.7341437,
1961q1,6.8,.37695593,.035210744,,4785.333333333333,.75814432,.10195649,.78043771,.088604279,5.7341437,
1961q2,7,.36124989,.033366017,,4927,.73938888,.096795321,.78043771,.088604279,5.7341437,
1961q3,6.766666666666667,.40091586,.034100633,,4762,.78498763,.098852992,.78043771,.088604279,5.7341437,
1961q4,6.2,.42679772,.032590833,,4348.333333333333,.81166816,.09462063,.78043771,.088604279,5.7341437,
1962q1,5.633333333333333,.4236491,.030926438,,3957.666666666667,.80854756,.089939557,.78043771,.088604279,5.7341437,
1962q2,5.533333333333334,.4150947,.029904561,,3871,.79989558,.087057576,.78043771,.088604279,5.7341437,
1962q3,5.566666666666667,.4347229,.032581754,,3931,.81937236,.094595134,.78043771,.088604279,5.7341437,
1962q4,5.533333333333334,.42824495,.03357375,,3911.333333333333,.8130911,.097377509,.78043771,.088604279,5.7341437,
1963q1,5.766666666666667,.42739353,.033303492,,4128,.81225485,.096620046,.78043771,.088604279,5.7341437,
1963q2,5.733333333333334,.43094915,.033186115,,4083,.81573057,.096290939,.78043771,.088604279,5.7341437,
1963q3,5.5,.43500903,.032014493,,3962,.81964654,.093001507,.78043771,.088604279,5.7341437,
1963q4,5.566666666666666,.44513372,.034155991,,4037.666666666667,.82916963,.099007927,.78043771,.088604279,5.7341437,
1964q1,5.466666666666666,.45077533,.032975584,,3970.333333333333,.83432764,.095700443,.78043771,.088604279,5.7341437,
1964q2,5.199999999999999,.45179707,.030318696,,3832,.8352505,.088226289,.78043771,.088604279,5.7341437,
1964q3,5,.45871064,.032081615,,3658.333333333333,.84140539,.093190178,.78043771,.088604279,5.7341437,
1964q4,4.966666666666666,.46166539,.03042165,,3642.666666666667,.84398842,.088516675,.78043771,.088604279,5.7341437,
1965q1,4.899999999999999,.47750494,.032396387,,3604,.85735828,.094074585,.78043771,.088604279,5.7341437,
1965q2,4.666666666666666,.50641108,.031354558,,3471.333333333333,.87974691,.091145173,.78043771,.088604279,5.7341437,
1965q3,4.366666666666667,.50464463,.029817605,,3257,.87845123,.086812057,.78043771,.088604279,5.7341437,
1965q4,4.100000000000001,.5023368,.027836027,,3082.333333333333,.87674445,.081205115,.78043771,.088604279,5.7341437,
1966q1,3.866666666666667,.54601574,.029173711,,2898.333333333333,.90643305,.084992647,.78043771,.088604279,5.7341437,
1966q2,3.833333333333333,.56265879,.031430949,,2883.333333333333,.9163509,.091360182,.78043771,.088604279,5.7341437,
1966q3,3.766666666666667,.55925423,.029872101,,2858,.9143821,.086965933,.78043771,.088604279,5.7341437,
1966q4,3.700000000000001,.53285652,.0289228,,2826.666666666667,.89805853,.084283009,.78043771,.088604279,5.7341437,
1967q1,3.833333333333333,.54733241,.029501762,,2924,.9072448,.085919902,.78043771,.088604279,5.7341437,
1967q2,3.833333333333333,.5531562,.030687634,,2938.666666666667,.910779,.089266606,.78043771,.088604279,5.7341437,
1967q3,3.799999999999999,.54179418,.030543843,,2949,.90379852,.088861249,.78043771,.088604279,5.7341437,
1967q4,3.9,.54374552,.028954977,,3075.666666666667,.90502232,.084374033,.78043771,.088604279,5.7341437,
1968q1,3.733333333333333,.56680644,.029727045,,2918.666666666667,.91870832,.086556315,.78043771,.088604279,5.7341437,
1968q2,3.566666666666666,.57151759,.030530114,,2795.666666666667,.92133182,.088822536,.78043771,.088604279,5.7341437,
1968q3,3.533333333333333,.58474356,.029028116,,2779,.92839402,.084580913,.78043771,.088604279,5.7341437,
1968q4,3.4,.5742352,.02857268,,2696.333333333333,.9228192,.083292171,.78043771,.088604279,5.7341437,
1969q1,3.4,.56705016,.028023113,,2707.333333333333,.91884547,.081735462,.78043771,.088604279,5.7341437,
1969q2,3.433333333333334,.58994889,.030457504,,2762.333333333333,.93105322,.088617787,.78043771,.088604279,5.7341437,
1969q3,3.566666666666666,.56569213,.030614745,,2921.333333333333,.91807938,.089061141,.78043771,.088604279,5.7341437,
1969q4,3.566666666666666,.5469622,.028970946,,2929.666666666667,.90701705,.084419206,.78043771,.088604279,5.7341437,
1970q1,4.166666666666667,.53148854,.034969661,,3429.666666666667,.89716035,.10128312,.78043771,.088604279,5.7341437,
1970q2,4.766666666666667,.50617707,.035988998,,3929,.87957579,.10412798,.78043771,.088604279,5.7341437,
1970q3,5.166666666666667,.49551454,.03835341,,4295.666666666667,.87160563,.11070369,.78043771,.088604279,5.7341437,
1970q4,5.833333333333333,.45364997,.038423117,,4855,.83691543,.11089707,.78043771,.088604279,5.7341437,
1971q1,5.933333333333334,.44052845,.035458382,,4958.666666666667,.82488072,.10264784,.78043771,.088604279,5.7341437,
1971q2,5.900000000000001,.43898627,.035800286,,4968,.82342857,.10360176,.78043771,.088604279,5.7341437,
1971q3,6.033333333333334,.45624948,.037259318,,5070.333333333333,.83923221,.10766491,.78043771,.088604279,5.7341437,
1971q4,5.933333333333334,.45042703,.037266415,,5089.666666666667,.83401221,.10768464,.78043771,.088604279,5.7341437,
1972q1,5.766666666666667,.4472864,.035122119,,4995,.83115023,.10170899,.78043771,.088604279,5.7341437,
1972q2,5.7,.45698974,.035457954,,4934.666666666667,.83988792,.10264664,.78043771,.088604279,5.7341437,
1972q3,5.566666666666666,.47797179,.037134714,,4900.333333333333,.85774028,.10731839,.78043771,.088604279,5.7341437,
1972q4,5.366666666666666,.48306987,.033011276,,4673.333333333333,.86186761,.095800571,.78043771,.088604279,5.7341437,
1973q1,4.933333333333334,.49514073,.035166956,,4390.666666666667,.87132001,.10183422,.78043771,.088604279,5.7341437,
1973q2,4.933333333333334,.53001076,.03645391,,4383.666666666667,.89618415,.10542351,.78043771,.088604279,5.7341437,
1973q3,4.8,.51889491,.034630865,,4320,.88864243,.10033624,.78043771,.088604279,5.7341437,
1973q4,4.766666666666667,.50025028,.036186561,,4343,.87518764,.10467867,.78043771,.088604279,5.7341437,
1974q1,5.133333333333334,.51442152,.037173972,,4669.666666666667,.88550717,.10742757,.78043771,.088604279,5.7341437,
1974q2,5.2,.49393985,.038130753,,4750,.87039959,.11008584,.78043771,.088604279,5.7341437,
1974q3,5.633333333333333,.48933101,.040821046,,5174,.8668263,.11753209,.78043771,.088604279,5.7341437,
1974q4,6.600000000000001,.4116475,.045896791,,6099.666666666667,.79633671,.13146751,.78043771,.088604279,5.7341437,
1975q1,8.266666666666666,.3634482,.043224998,,7666.333333333333,.74207038,.12415055,.78043771,.088604279,5.7341437,
1975q2,8.866666666666667,.35740161,.041874979,,8287.666666666666,.73465014,.12043782,.78043771,.088604279,5.7341437,
1975q3,8.466666666666667,.37025964,.041070569,,7992.666666666667,.75026202,.11822061,.78043771,.088604279,5.7341437,
1975q4,8.300000000000001,.36670563,.038833961,,7811.666666666667,.74600983,.11203622,.78043771,.088604279,5.7341437,
1976q1,7.733333333333334,.38782716,.039458845,,7363.333333333333,.77058482,.11376697,.78043771,.088604279,5.7341437,
1976q2,7.566666666666667,.38603675,.039860994,,7235,.76856601,.11487962,.78043771,.088604279,5.7341437,
1976q3,7.733333333333333,.39340448,.040713962,,7462.666666666667,.77679825,.1172365,.78043771,.088604279,5.7341437,
1976q4,7.766666666666667,.38888055,.03993411,,7531.666666666667,.77176708,.11508182,.78043771,.088604279,5.7341437,
1977q1,7.5,.41957045,.042128932,,7343.333333333333,.80445415,.12113703,.78043771,.088604279,5.7341437,
1977q2,7.133333333333333,.42546922,.040423412,,7034.666666666667,.81035566,.11643413,.78043771,.088604279,5.7341437,
1977q3,6.899999999999999,.42557684,.039692983,,6835,.81046218,.11441489,.78043771,.088604279,5.7341437,
1977q4,6.666666666666667,.43804717,.0386368,,6654.666666666667,.82254034,.11148967,.78043771,.088604279,5.7341437,
1978q1,6.333333333333333,.45414901,.038244035,,6381.333333333333,.83736187,.11040022,.78043771,.088604279,5.7341437,
1978q2,6,.4688929,.039642073,,6111.666666666667,.85018808,.11427403,.78043771,.088604279,5.7341437,
1978q3,6.033333333333334,.48317838,.039142542,,6171.333333333333,.86195457,.11289118,.78043771,.088604279,5.7341437,
1978q4,5.899999999999999,.46624228,.038700487,,6084,.84793389,.11166624,.78043771,.088604279,5.7341437,
1979q1,5.866666666666667,.4741562,.038602103,,6130.333333333333,.85459805,.11139346,.78043771,.088604279,5.7341437,
1979q2,5.699999999999999,.48588771,.038534474,,5956,.86411422,.11120592,.78043771,.088604279,5.7341437,
1979q3,5.866666666666667,.48540047,.04125572,,6168.666666666667,.86372751,.11873128,.78043771,.088604279,5.7341437,
1979q4,5.966666666666666,.47041011,.040490918,,6286.333333333333,.85146832,.11662059,.78043771,.088604279,5.7341437,
1980q1,6.3,.44403869,.041197535,,6704.666666666667,.82815623,.11857081,.78043771,.088604279,5.7341437,
1980q2,7.333333333333333,.4107036,.045033317,,7813.333333333333,.7953549,.12910728,.78043771,.088604279,5.7341437,
1980q3,7.666666666666667,.40834177,.041514877,,8221.666666666666,.79288441,.11944573,.78043771,.088604279,5.7341437,
1980q4,7.399999999999999,.40173525,.040074479,,7943,.78586864,.1154699,.78043771,.088604279,5.7341437,
1981q1,7.433333333333334,.41495115,.041123606,,8034.666666666667,.79974824,.11836691,.78043771,.088604279,5.7341437,
1981q2,7.399999999999999,.41658723,.042002451,,8047,.80142355,.12078883,.78043771,.088604279,5.7341437,
1981q3,7.400000000000001,.40147939,.043454114,,8043,.78559381,.12477961,.78043771,.088604279,5.7341437,
1981q4,8.233333333333334,.40567276,.048829224,,8980.666666666666,.79006886,.13945122,.78043771,.088604279,5.7341437,
1982q1,8.833333333333334,.37278217,.047889508,,9665.666666666666,.75325114,.13689815,.78043771,.088604279,5.7341437,
1982q2,9.433333333333335,.34765384,.046216439,,10372.33333333333,.72239047,.13234016,.78043771,.088604279,5.7341437,
1982q3,9.9,.33571443,.047223423,,10982.33333333333,.70686716,.13508542,.78043771,.088604279,5.7341437,
1982q4,10.66666666666667,.32527393,.046441771,,11839.33333333333,.6928274,.13295497,.78043771,.088604279,5.7341437,
1983q1,10.36666666666667,.31966841,.043052007,,11495.66666666667,.68510777,.12367539,.78043771,.088604279,5.7341437,
1983q2,10.13333333333333,.33844706,.042857159,,11222.66666666667,.71046984,.12313998,.78043771,.088604279,5.7341437,
1983q3,9.366666666666665,.36732152,.043777768,,10484.33333333333,.74675018,.12566772,.78043771,.088604279,5.7341437,
1983q4,8.533333333333333,.38280585,.040629331,,9572.333333333334,.76489311,.11700284,.78043771,.088604279,5.7341437,
1984q1,7.866666666666667,.38682902,.039961729,,8848.333333333334,.7694608,.11515819,.78043771,.088604279,5.7341437,
1984q2,7.433333333333334,.39458591,.038815428,,8481.333333333334,.77809983,.11198485,.78043771,.088604279,5.7341437,
1984q3,7.433333333333334,.41183907,.04109899,,8474.333333333334,.79653555,.11829901,.78043771,.088604279,5.7341437,
1984q4,7.300000000000001,.41640177,.041458506,,8312.333333333334,.80123407,.11929035,.78043771,.088604279,5.7341437,
1985q1,7.233333333333333,.41927251,.041492611,,8361,.80415291,.11938436,.78043771,.088604279,5.7341437,
1985q2,7.3,.41647634,.041773181,,8385.666666666666,.8013103,.12015744,.78043771,.088604279,5.7341437,
1985q3,7.2,.42341244,.040863689,,8319,.80831164,.11764978,.78043771,.088604279,5.7341437,
1985q4,7.033333333333334,.43524665,.040188331,,8188,.81987399,.11578459,.78043771,.088604279,5.7341437,
1986q1,7.033333333333334,.40941533,.041083783,,8193.333333333334,.7940098,.11825706,.78043771,.088604279,5.7341437,
1986q2,7.166666666666667,.41742715,.040586382,,8437,.80227995,.11688424,.78043771,.088604279,5.7341437,
1986q3,6.966666666666666,.41723081,.039303351,,8254.666666666666,.80207998,.11333651,.78043771,.088604279,5.7341437,
1986q4,6.833333333333333,.42752188,.038485009,,8095,.81238109,.11106874,.78043771,.088604279,5.7341437,
1987q1,6.599999999999999,.43275556,.037755091,,7873,.81747991,.10904275,.78043771,.088604279,5.7341437,
1987q2,6.266666666666667,.44303122,.037028383,,7504.666666666667,.82722038,.10702261,.78043771,.088604279,5.7341437,
1987q3,6,.44822481,.036756724,,7210.333333333333,.83200884,.10626666,.78043771,.088604279,5.7341437,
1987q4,5.833333333333333,.4579215,.035939384,,7066,.8407107,.10398965,.78043771,.088604279,5.7341437,
1988q1,5.7,.46054906,.034954559,,6919.333333333333,.84301585,.10124093,.78043771,.088604279,5.7341437,
1988q2,5.466666666666666,.46089739,.034756254,,6642,.84331971,.10068676,.78043771,.088604279,5.7341437,
1988q3,5.466666666666666,.47184137,.035705615,,6684,.85266936,.10333769,.78043771,.088604279,5.7341437,
1988q4,5.333333333333333,.46376669,.034492601,,6541,.84580815,.099949621,.78043771,.088604279,5.7341437,
1989q1,5.2,.49591923,.035474561,,6415.333333333333,.87191439,.10269299,.78043771,.088604279,5.7341437,
1989q2,5.233333333333333,.48919261,.035872284,,6473.333333333333,.86671799,.10380255,.78043771,.088604279,5.7341437,
1989q3,5.233333333333333,.47900862,.03552385,,6532,.85858625,.10283055,.78043771,.088604279,5.7341437,
1989q4,5.366666666666667,.47886831,.036142625,,6674,.85847199,.10455622,.78043771,.088604279,5.7341437,
1990q1,5.3,.48253086,.035769109,,6667,.86143506,.10351481,.78043771,.088604279,5.7341437,
1990q2,5.333333333333333,.46499398,.034634586,,6709.666666666667,.84686446,.10034664,.78043771,.088604279,5.7341437,
1990q3,5.7,.4381291,.035766821,,7159.333333333333,.82261795,.10350842,.78043771,.088604279,5.7341437,
1990q4,6.133333333333334,.4245269,.037088737,,7708,.809421,.1071905,.78043771,.088604279,5.7341437,
1991q1,6.600000000000001,.4061873,.037374396,,8288.666666666666,.79061359,.10798486,.78043771,.088604279,5.7341437,
1991q2,6.833333333333333,.39907062,.037033565,,8622.333333333334,.78299469,.10703703,.78043771,.088604279,5.7341437,
1991q3,6.866666666666667,.39044675,.036600567,,8658,.77351737,.10583193,.78043771,.088604279,5.7341437,
1991q4,7.100000000000001,.36680332,.03583717,,8990.333333333334,.74612737,.10370462,.78043771,.088604279,5.7341437,
1992q1,7.366666666666667,.34934404,.034193389,,9399,.72454274,.099112585,.78043771,.088604279,5.7341437,
1992q2,7.600000000000001,.3400023,.035184711,,9733,.71250701,.1018838,.78043771,.088604279,5.7341437,
1992q3,7.633333333333333,.36279127,.035043258,,9806,.74127096,.10148872,.78043771,.088604279,5.7341437,
1992q4,7.366666666666667,.34629485,.033268385,,9506.666666666666,.72065192,.096521616,.78043771,.088604279,5.7341437,
1993q1,7.133333333333333,.37305734,.034598425,,9188,.75357574,.10024554,.78043771,.088604279,5.7341437,
1993q2,7.066666666666666,.36717755,.033607926,,9126.666666666666,.7465772,.097473264,.78043771,.088604279,5.7341437,
1993q3,6.8,.37182999,.032723792,,8802.333333333334,.75212562,.094993882,.78043771,.088604279,5.7341437,
1993q4,6.633333333333333,.37391376,.032208502,,8589.666666666666,.75458425,.093546756,.78043771,.088604279,5.7341437,
1994q1,6.566666666666666,.33426815,.027184159,,8561,.70494837,.079355627,.78043771,.088604279,5.7341437,
1994q2,6.2,.35614076,.027219009,,8057.666666666667,.7330851,.079454571,.78043771,.088604279,5.7341437,
1994q3,6,.34205657,.025350433,,7871,.71518314,.074139655,.78043771,.088604279,5.7341437,
1994q4,5.633333333333333,.36956739,.026163904,,7412.333333333333,.74943757,.076455973,.78043771,.088604279,5.7341437,
1995q1,5.466666666666666,.35017523,.025499778,,7238.333333333333,.72559702,.074565202,.78043771,.088604279,5.7341437,
1995q2,5.666666666666667,.35952312,.026005797,,7500.666666666667,.73726958,.076006077,.78043771,.088604279,5.7341437,
1995q3,5.666666666666667,.37856111,.027363112,,7496.333333333333,.76000881,.079863608,.78043771,.088604279,5.7341437,
1995q4,5.566666666666666,.36239201,.026656808,,7392.333333333333,.74078435,.077857614,.78043771,.088604279,5.7341437,
1996q1,5.533333333333334,.35747492,.025354337,,7374,.73474091,.074150786,.78043771,.088604279,5.7341437,
1996q2,5.5,.36743063,.025834581,,7311,.74688113,.075518705,.78043771,.088604279,5.7341437,
1996q3,5.266666666666667,.36749446,.024074847,,7066,.74695778,.070499703,.78043771,.088604279,5.7341437,
1996q4,5.333333333333333,.37978962,.026720291,,7173.333333333333,.76142931,.078038029,.78043771,.088604279,5.7341437,
1997q1,5.233333333333333,.37041256,.024168802,,7086.666666666667,.75044394,.070768133,.78043771,.088604279,5.7341437,
1997q2,5,.37906387,.023823036,,6775.666666666667,.76059085,.069780014,.78043771,.088604279,5.7341437,
1997q3,4.866666666666666,.38982415,.024110906,,6639.666666666667,.77282262,.07060273,.78043771,.088604279,5.7341437,
1997q4,4.666666666666667,.39931858,.024258042,,6412.666666666667,.78326321,.07102304,.78043771,.088604279,5.7341437,
1998q1,4.633333333333333,.44054326,.02612197,,6365.333333333333,.82489461,.076336667,.78043771,.088604279,5.7341437,
1998q2,4.399999999999999,.41009891,.024858665,,6066.666666666667,.79472429,.072737493,.78043771,.088604279,5.7341437,
1998q3,4.533333333333333,.42801854,.025939416,,6246,.81286895,.075817145,.78043771,.088604279,5.7341437,
1998q4,4.433333333333334,.42701006,.024219666,,6137.333333333333,.81187737,.070913427,.78043771,.088604279,5.7341437,
1999q1,4.3,.43594149,.025075682,,5956.666666666667,.82053798,.073356442,.78043771,.088604279,5.7341437,
1999q2,4.266666666666667,.43092316,.024481645,,5917,.81570536,.071661554,.78043771,.088604279,5.7341437,
1999q3,4.233333333333333,.44652155,.02471563,,5926,.83044833,.072329402,.78043771,.088604279,5.7341437,
1999q4,4.066666666666666,.45571196,.02490625,,5715.666666666667,.83875495,.072873235,.78043771,.088604279,5.7341437,
2000q1,4.033333333333333,.46919939,.025179841,,5766.333333333333,.8504473,.073653415,.78043771,.088604279,5.7341437,
2000q2,3.933333333333334,.43626618,.02379504,,5630,.82084775,.06969998,.78043771,.088604279,5.7341437,
2000q3,4,.4545235,.024045333,,5741.666666666667,.83769643,.07041537,.78043771,.088604279,5.7341437,
2000q4,3.9,.42535168,.023537127,5088,5602.333333333333,.81023926,.068962432,.78043771,.088604279,5.7341437,.90819299
2001q1,4.233333333333333,.45231581,.026608551,5031,6084.333333333333,.83571774,.077720448,.78043771,.088604279,5.7341437,.82687777
2001q2,4.399999999999999,.41321921,.024985125,4467,6327,.79796451,.073098205,.78043771,.088604279,5.7341437,.70602179
2001q3,4.833333333333333,.37593347,.026756398,4180.666666666667,6922.333333333333,.75695163,.078140639,.78043771,.088604279,5.7341437,.60393894
2001q4,5.5,.36229521,.027406724,3719.666666666667,7985,.74066627,.079987369,.78043771,.088604279,5.7341437,.46583176
2002q1,5.7,.34719577,.026651541,3582.333333333333,8233.666666666666,.72180527,.077842638,.78043771,.088604279,5.7341437,.4350836
2002q2,5.833333333333333,.34072679,.024889575,3446.666666666667,8463.666666666666,.71345276,.07282567,.78043771,.088604279,5.7341437,.40723091
2002q3,5.733333333333333,.34254643,.024893165,3395,8315,.71581888,.072835907,.78043771,.088604279,5.7341437,.40829825
2002q4,5.866666666666667,.33097988,.025267117,3387.333333333333,8489,.70055467,.073902197,.78043771,.088604279,5.7341437,.39902619
2003q1,5.866666666666667,.31488085,.024247695,3256.333333333333,8575.333333333334,.67841309,.070993491,.78043771,.088604279,5.7341437,.37973258
2003q2,6.133333333333333,.31197786,.024715431,3262.333333333333,9021.666666666666,.67430788,.072328836,.78043771,.088604279,5.7341437,.36161095
2003q3,6.133333333333333,.31657156,.023655036,3087.333333333333,8942.666666666666,.68078804,.069299661,.78043771,.088604279,5.7341437,.34523633
2003q4,5.833333333333333,.32216752,.022686046,3347.666666666667,8541.666666666666,.68856519,.066525839,.78043771,.088604279,5.7341437,.39192194
2004q1,5.7,.32080054,.022504129,3493.666666666667,8342.666666666666,.68667722,.066004477,.78043771,.088604279,5.7341437,.41877097
2004q2,5.599999999999999,.33452094,.023695465,3519.333333333333,8222.666666666666,.70528436,.069415271,.78043771,.088604279,5.7341437,.42800388
2004q3,5.433333333333334,.34189796,.023484433,3725.333333333333,8017.666666666667,.71497715,.068811692,.78043771,.088604279,5.7341437,.46464059
2004q4,5.433333333333334,.34766424,.02316846,3829.666666666667,7975.666666666667,.72240376,.067907482,.78043771,.088604279,5.7341437,.48016885
2005q1,5.3,.34180239,.022674426,3937.666666666667,7833.666666666667,.71485293,.06649255,.78043771,.088604279,5.7341437,.50265944
2005q2,5.100000000000001,.36094376,.02293879,4006,7615.666666666667,.73901397,.067249872,.78043771,.088604279,5.7341437,.52602094
2005q3,4.966666666666667,.35877913,.022987055,4250,7434.666666666667,.73635292,.067388095,.78043771,.088604279,5.7341437,.57164633
2005q4,4.966666666666667,.37343383,.022811925,4238,7432.666666666667,.75401944,.066886492,.78043771,.088604279,5.7341437,.57018566
2006q1,4.733333333333333,.36786303,.022501817,4484.666666666667,7106.666666666667,.74739987,.065997846,.78043771,.088604279,5.7341437,.63105065
2006q2,4.633333333333334,.37514639,.022699678,4622.333333333333,7033.666666666667,.75603086,.066564903,.78043771,.088604279,5.7341437,.65717262
2006q3,4.633333333333334,.39209527,.022452217,4613.666666666667,7037.666666666667,.77534992,.06585566,.78043771,.088604279,5.7341437,.65556765
2006q4,4.433333333333334,.35729051,.021381333,4618.666666666667,6787,.73451245,.062782288,.78043771,.088604279,5.7341437,.68051666
2007q1,4.5,.3656064,.020487517,4808,6924.666666666667,.74468499,.060211934,.78043771,.088604279,5.7341437,.69432944
2007q2,4.5,.35055581,.020831062,4735,6865,.72607887,.061200425,.78043771,.088604279,5.7341437,.68973053
2007q3,4.666666666666667,.3566567,.021452129,4598.666666666667,7128.666666666667,.73372626,.062985681,.78043771,.088604279,5.7341437,.64509493
2007q4,4.8,.33779532,.021710595,4609,7374,.70961326,.063727967,.78043771,.088604279,5.7341437,.62503392
2008q1,5,.34841627,.022000048,4376,7668,.72336274,.064558789,.78043771,.088604279,5.7341437,.57068336
2008q2,5.333333333333333,.30902559,.024019772,4019.666666666667,8202.333333333334,.67009729,.070342325,.78043771,.088604279,5.7341437,.49006382
2008q3,6,.29229942,.024923481,3548.333333333333,9289.666666666666,.64555514,.072922386,.78043771,.088604279,5.7341437,.38196564
2008q4,6.866666666666667,.25557798,.026829896,3251.333333333333,10632.66666666667,.58746803,.078349471,.78043771,.088604279,5.7341437,.30578721
2009q1,8.266666666666667,.22032721,.027143113,2712,12794,.52604496,.079239093,.78043771,.088604279,5.7341437,.21197437
2009q2,9.299999999999999,.20287327,.025108695,2449,14353,.49349689,.073450573,.78043771,.088604279,5.7341437,.17062636
2009q3,9.633333333333335,.18575591,.023741623,2352.333333333333,14808,.46016151,.069547258,.78043771,.088604279,5.7341437,.15885557
2009q4,9.933333333333332,.19537592,.023004299,2492.333333333333,15223,.47907034,.067437477,.78043771,.088604279,5.7341437,.16372156
2010q1,9.833333333333334,.17686689,.021903355,2727.333333333333,15120.33333333333,.44228771,.0642813,.78043771,.088604279,5.7341437,.18037522
2010q2,9.633333333333333,.20306192,.022015646,2980.666666666667,14882.66666666667,.49385643,.064603545,.78043771,.088604279,5.7341437,.20027773
2010q3,9.466666666666667,.18609186,.02148664,2999.666666666667,14579.66666666667,.46082944,.063084811,.78043771,.088604279,5.7341437,.20574316
2010q4,9.500000000000002,.19980298,.022057762,3168,14648.33333333333,.48762164,.064724386,.78043771,.088604279,5.7341437,.21627034
2011q1,9.033333333333333,.18875654,.020565264,3197,13856.66666666667,.46610773,.060435697,.78043771,.088604279,5.7341437,.23071927
2011q2,9.066666666666668,.20173368,.021874955,3297.666666666667,13924.66666666667,.49132144,.06419979,.78043771,.088604279,5.7341437,.23682195
2011q3,9,.19836938,.02135293,3575.333333333333,13843,.48486283,.062700681,.78043771,.088604279,5.7341437,.25827736
2011q4,8.633333333333333,.21270089,.020435492,3650.666666666667,13329.66666666667,.51200062,.060062181,.78043771,.088604279,5.7341437,.27387533
2012q1,8.266666666666667,.21117643,.020870967,3834.666666666667,12774.33333333333,.50916034,.061315201,.78043771,.088604279,5.7341437,.30018526
2012q2,8.199999999999999,.20918919,.020842908,3846.333333333333,12666,.50544137,.061234497,.78043771,.088604279,5.7341437,.30367386
2012q3,8.033333333333333,.22780225,.021001073,3808.666666666667,12414,.53954667,.061689343,.78043771,.088604279,5.7341437,.30680415
2012q4,7.8,.21435525,.021237982,3874.333333333333,12142.33333333333,.51507044,.062370371,.78043771,.088604279,5.7341437,.31907651
2013q1,7.733333333333333,.23129259,.020162947,4001,12036.66666666667,.5457623,.059277408,.78043771,.088604279,5.7341437,.33240101
2013q2,7.533333333333334,.23519619,.02060602,4094.333333333333,11721.66666666667,.55264723,.060552988,.78043771,.088604279,5.7341437,.34929618
2013q3,7.233333333333333,.23911272,.020739151,4032.666666666667,11294.66666666667,.55948472,.060936037,.78043771,.088604279,5.7341437,.35704166
2013q4,6.933333333333334,.25203297,.019061731,4154,10775.66666666667,.58154637,.056102071,.78043771,.088604279,5.7341437,.3854982
2014q1,6.666666666666667,.24981007,.018969338,4296,10310.33333333333,.57780439,.055835333,.78043771,.088604279,5.7341437,.41666937
2014q2,6.2,.26509681,.020021185,4765,9673.666666666666,.60309148,.058869038,.78043771,.088604279,5.7341437,.49257433
2014q3,6.066666666666667,.28458446,.019830247,5036.333333333333,9489.666666666666,.63383645,.058318824,.78043771,.088604279,5.7341437,.53071761
2014q4,5.7,.27369323,.018950619,4995,8932.333333333334,.61685753,.055781282,.78043771,.088604279,5.7341437,.5592044
2015q1,5.533333333333334,.30341688,.020042026,5340,8666.333333333334,.66199833,.058929082,.78043771,.088604279,5.7341437,.61617756
2015q2,5.433333333333334,.30180928,.019416468,5469.666666666667,8543.666666666666,.65965277,.057125729,.78043771,.088604279,5.7341437,.64020133
2015q3,5.100000000000001,.29325861,.017864978,5670.333333333333,8022,.64699441,.052643165,.78043771,.088604279,5.7341437,.70684785
2015q4,5.033333333333333,.30389392,.018251847,5775.333333333333,7943,.66269231,.053762231,.78043771,.088604279,5.7341437,.72709721
2016q1,4.899999999999999,.2920582,.018751267,5970.333333333333,7763.333333333333,.64519262,.055205565,.78043771,.088604279,5.7341437,.76904249
2016q2,4.933333333333333,.31032348,.017916553,5774,7821,.67195278,.0527924,.78043771,.088604279,5.7341437,.73826879
2016q3,4.899999999999999,.30551335,.018990928,5835.666666666667,7792.666666666667,.66504097,.055897668,.78043771,.088604279,5.7341437,.74886644
2016q4,4.766666666666667,.3286823,.018853078,5842,7628.333333333333,.69745898,.055499617,.78043771,.088604279,5.7341437,.76582915
2017q1,4.566666666666667,.34376228,.018899942,5783.666666666667,7306.666666666667,.71739256,.055634953,.78043771,.088604279,5.7341437,.79156023
2017q2,4.366666666666667,.31996703,.01688014,6074,6987.333333333333,.68552226,.049790412,.78043771,.088604279,5.7341437,.86928725
2017q3,4.333333333333333,.32730189,.017182121,6278,6942.666666666667,.69558883,.050665759,.78043771,.088604279,5.7341437,.9042635
2017q4,4.166666666666667,.34648982,.017753445,6338.333333333333,6702,.72090179,.052320376,.78043771,.088604279,5.7341437,.9457376
2018q1,4.033333333333333,.35910568,.018268336,6661.666666666667,6516,.73675549,.053809907,.78043771,.088604279,5.7341437,1.0223552
2018q2,3.933333333333334,.33775631,.015907394,7045.333333333333,6360.666666666667,.70956194,.046967071,.78043771,.088604279,5.7341437,1.1076407
2018q3,3.766666666666667,.340967,.01634565,7249,6135,.7137658,.048239775,.78043771,.088604279,5.7341437,1.1815811
2018q4,3.833333333333333,.34308234,.017132256,7452.666666666667,6247,.71651322,.050521255,.78043771,.088604279,5.7341437,1.1929994
2019q1,3.866666666666667,.3718608,.016777107,7283.666666666667,6248.666666666667,.7521621,.049491629,.78043771,.088604279,5.7341437,1.1656353
2019q2,3.6,.33736685,.015517048,7222,5913,.70904922,.045832541,.78043771,.088604279,5.7341437,1.2213767
2019q3,3.633333333333333,.33982146,.015383433,7107.333333333333,5914.333333333333,.71227062,.045443989,.78043771,.088604279,5.7341437,1.2017133
2019q4,3.6,.35921723,.015999764,7018,5923.666666666667,.73689294,.047235411,.78043771,.088604279,5.7341437,1.1847392
