qdate,urate,frate,srate,vacancies,unemp,log_urate,urate_hp,urate_trend,q_frate,q_srate,avg_qfrate,avg_qsrate,avg_urate,tightness
1951q1,.035,.59159738,.027533656,,2182.333333333333,-3.3524072,-.0092455531,-3.3431616,.93188143,.080347538,.79188001,.091096006,.057660628,
1951q2,.031,.58862042,.0271075,,1923.333333333333,-3.473768,-.14149758,-3.3322704,.93038094,.079137966,.79188001,.091096006,.057660628,
1951q3,.0316666666666667,.59111011,.029649638,,1983.333333333333,-3.4524906,-.13111131,-3.3213792,.93163729,.086337678,.79188001,.091096006,.057660628,
1951q4,.0336666666666667,.57654148,.026812661,,2110.666666666667,-3.391247,-.080757327,-3.3104897,.92406666,.078300506,.79188001,.091096006,.057660628,
1952q1,.0306666666666667,.63198251,.028040143,,1914,-3.4845791,-.18497452,-3.2996047,.95015687,.081783727,.79188001,.091096006,.057660628,
1952q2,.0296666666666667,.6087532,.028406942,,1852.666666666667,-3.5177312,-.22900371,-3.2887275,.94011027,.082822889,.79188001,.091096006,.057660628,
1952q3,.0323333333333333,.59863728,.027316937,,2004.666666666667,-3.4316566,-.15379269,-3.277864,.93534368,.079732552,.79188001,.091096006,.057660628,
1952q4,.0283333333333333,.59329468,.024414685,,1749.666666666667,-3.5637164,-.29669479,-3.2670217,.93272722,.07147038,.79188001,.091096006,.057660628,
1953q1,.027,.6513148,.025821164,,1707.333333333333,-3.6119184,-.35570854,-3.2562099,.95760638,.075480513,.79188001,.091096006,.057660628,
1953q2,.0256666666666667,.61307949,.023209149,,1642,-3.6625621,-.41712105,-3.2454412,.94207513,.068023957,.79188001,.091096006,.057660628,
1953q3,.0273333333333333,.61600286,.027408114,,1715.333333333333,-3.5996482,-.36491731,-3.234731,.94337815,.079991318,.79188001,.091096006,.057660628,
1953q4,.037,.51695085,.034873042,,2334.333333333333,-3.2968373,-.072737843,-3.2240994,.88728702,.10101315,.79188001,.091096006,.057660628,
1954q1,.0526666666666667,.44898748,.036789749,,3338.333333333333,-2.9437726,.2697978,-3.2135704,.83270442,.10635858,.79188001,.091096006,.057660628,
1954q2,.058,.44500101,.034596853,,3689,-2.8473122,.35585573,-3.2031679,.82904708,.10024114,.79188001,.091096006,.057660628,
1954q3,.0596666666666667,.41478965,.033421192,,3813.333333333333,-2.8189816,.37393227,-3.192914,.79958236,.09694998,.79188001,.091096006,.057660628,
1954q4,.0533333333333333,.46508801,.030778959,,3421.333333333333,-2.9311938,.2516326,-3.1828265,.84694517,.089524001,.79188001,.091096006,.057660628,
1955q1,.0473333333333333,.42899701,.026398376,,3014.666666666667,-3.0505404,.12237935,-3.1729198,.81382769,.077122897,.79188001,.091096006,.057660628,
1955q2,.044,.50525755,.028090015,,2832.333333333333,-3.1235657,.039640248,-3.1632059,.87890184,.081925064,.79188001,.091096006,.057660628,
1955q3,.041,.49787089,.02991995,,2698,-3.1941831,-.040487669,-3.1536953,.87339634,.087101027,.79188001,.091096006,.057660628,
1955q4,.0423333333333333,.50461346,.028593695,,2790.333333333333,-3.1621804,-.017781829,-3.1443987,.87842828,.083351664,.79188001,.091096006,.057660628,
1956q1,.0403333333333333,.51749563,.029324872,,2678.666666666667,-3.210577,-.075250983,-3.1353261,.88766795,.08541999,.79188001,.091096006,.057660628,
1956q2,.042,.49470884,.03096286,,2797.666666666667,-3.1700857,-.043597095,-3.1264887,.8709895,.090042166,.79188001,.091096006,.057660628,
1956q3,.0413333333333333,.53416038,.028816549,,2762.666666666667,-3.1860859,-.068188131,-3.1178977,.89890975,.083982393,.79188001,.091096006,.057660628,
1956q4,.0413333333333333,.49448073,.029808348,,2740.666666666667,-3.1860859,-.076520197,-3.1095657,.87081468,.08678592,.79188001,.091096006,.057660628,
1957q1,.0393333333333333,.51229763,.027047679,,2642.333333333333,-3.235683,-.13417789,-3.101505,.88399822,.078968093,.79188001,.091096006,.057660628,
1957q2,.041,.48802611,.028776892,,2722,-3.1941831,-.10045385,-3.0937293,.86580282,.08387018,.79188001,.091096006,.057660628,
1957q3,.0423333333333333,.47817624,.029194821,,2828.666666666667,-3.1621804,-.07592731,-3.0862532,.85790735,.085052334,.79188001,.091096006,.057660628,
1957q4,.0493333333333333,.40417257,.031941298,,3316.666666666667,-3.0091553,.069937162,-3.0790925,.7884751,.092795745,.79188001,.091096006,.057660628,
1958q1,.063,.36095837,.036844134,,4223.333333333333,-2.7646205,.30764326,-3.0722637,.73903185,.10650995,.79188001,.091096006,.057660628,
1958q2,.0736666666666667,.35803333,.035127409,,4993.666666666667,-2.6082048,.45757821,-3.065783,.73543191,.10172377,.79188001,.091096006,.057660628,
1958q3,.0733333333333333,.37140021,.032686368,,4975,-2.61274,.44692299,-3.0596631,.75161654,.094888829,.79188001,.091096006,.057660628,
1958q4,.0636666666666667,.40893668,.031650543,,4316.333333333333,-2.7540941,.29981777,-3.0539119,.79350859,.091978066,.79188001,.091096006,.057660628,
1959q1,.0583333333333333,.42340732,.029808218,,3944.666666666667,-2.8415816,.20695184,-3.0485334,.80830652,.086785547,.79188001,.091096006,.057660628,
1959q2,.051,.44229969,.030340213,,3493,-2.9759297,.067598626,-3.0435283,.82653868,.088286981,.79188001,.091096006,.057660628,
1959q3,.0526666666666667,.42022559,.032268222,,3630.333333333333,-2.9437726,.095122837,-3.0388954,.80511558,.09371455,.79188001,.091096006,.057660628,
1959q4,.056,.46089378,.033627659,,3855.333333333333,-2.8824036,.15222889,-3.0346324,.84331661,.097528547,.79188001,.091096006,.057660628,
1960q1,.0513333333333333,.45008549,.03190507,,3556.666666666667,-2.9694149,.061321799,-3.0307367,.83370256,.092693888,.79188001,.091096006,.057660628,
1960q2,.0523333333333333,.45188582,.033678234,,3651.666666666667,-2.9501219,.077081785,-3.0272036,.83533055,.097670227,.79188001,.091096006,.057660628,
1960q3,.0553333333333333,.4090412,.032937337,,3888.666666666667,-2.8943799,.12964831,-3.0240281,.79361808,.09559314,.79188001,.091096006,.057660628,
1960q4,.0626666666666667,.40041023,.036126133,,4399.666666666667,-2.7699256,.25127882,-3.0212045,.78444272,.10451026,.79188001,.091096006,.057660628,
1961q1,.068,.37695593,.035210744,,4785.333333333333,-2.6882477,.33047754,-3.0187252,.75814432,.10195649,.79188001,.091096006,.057660628,
1961q2,.07,.36124989,.033366017,,4927,-2.65926,.3573209,-3.0165808,.73938888,.096795321,.79188001,.091096006,.057660628,
1961q3,.0676666666666667,.40091586,.034100633,,4762,-2.6931615,.3215971,-3.0147586,.78498763,.098852992,.79188001,.091096006,.057660628,
1961q4,.062,.42679772,.032590833,,4348.333333333333,-2.7806208,.23262085,-3.0132418,.81166816,.09462063,.79188001,.091096006,.057660628,
1962q1,.0563333333333333,.4236491,.030926438,,3957.666666666667,-2.8764689,.13554147,-3.0120103,.80854756,.089939557,.79188001,.091096006,.057660628,
1962q2,.0553333333333333,.4150947,.029904561,,3871,-2.8943799,.11666279,-3.0110426,.79989558,.087057576,.79188001,.091096006,.057660628,
1962q3,.0556666666666667,.4347229,.032581754,,3931,-2.8883739,.12194118,-3.0103149,.81937236,.094595134,.79188001,.091096006,.057660628,
1962q4,.0553333333333333,.42824495,.03357375,,3911.333333333333,-2.8943799,.11542308,-3.0098028,.8130911,.097377509,.79188001,.091096006,.057660628,
1963q1,.0576666666666667,.42739353,.033303492,,4128,-2.853076,.15640454,-3.0094805,.81225485,.096620046,.79188001,.091096006,.057660628,
1963q2,.0573333333333333,.43094915,.033186115,,4083,-2.8588731,.15044768,-3.0093207,.81573057,.096290939,.79188001,.091096006,.057660628,
1963q3,.055,.43500903,.032014493,,3962,-2.9004221,.10887318,-3.0092952,.81964654,.093001507,.79188001,.091096006,.057660628,
1963q4,.0556666666666667,.44513372,.034155991,,4037.666666666667,-2.8883739,.121,-3.0093739,.82916963,.099007927,.79188001,.091096006,.057660628,
1964q1,.0546666666666667,.45077533,.032975584,,3970.333333333333,-2.9065011,.10302435,-3.0095253,.83432764,.095700443,.79188001,.091096006,.057660628,
1964q2,.052,.45179707,.030318696,,3832,-2.9565115,.053206086,-3.0097177,.8352505,.088226289,.79188001,.091096006,.057660628,
1964q3,.05,.45871064,.032081615,,3658.333333333333,-2.9957323,.014184711,-3.009917,.84140539,.093190178,.79188001,.091096006,.057660628,
1964q4,.0496666666666667,.46166539,.03042165,,3642.666666666667,-3.0024214,.0076684151,-3.0100899,.84398842,.088516675,.79188001,.091096006,.057660628,
1965q1,.049,.47750494,.032396387,,3604,-3.0159349,-.0057330825,-3.0102019,.85735828,.094074585,.79188001,.091096006,.057660628,
1965q2,.0466666666666667,.50641108,.031354558,,3471.333333333333,-3.0647252,-.054506071,-3.0102191,.87974691,.091145173,.79188001,.091096006,.057660628,
1965q3,.0436666666666667,.50464463,.029817605,,3257,-3.1311703,-.12106286,-3.0101075,.87845123,.086812057,.79188001,.091096006,.057660628,
1965q4,.041,.5023368,.027836027,,3082.333333333333,-3.1941831,-.18434981,-3.0098333,.87674445,.081205115,.79188001,.091096006,.057660628,
1966q1,.0386666666666667,.54601574,.029173711,,2898.333333333333,-3.2527773,-.2434129,-3.0093644,.90643305,.084992647,.79188001,.091096006,.057660628,
1966q2,.0383333333333333,.56265879,.031430949,,2883.333333333333,-3.2614355,-.25276515,-3.0086703,.9163509,.091360182,.79188001,.091096006,.057660628,
1966q3,.0376666666666667,.55925423,.029872101,,2858,-3.2789798,-.27125674,-3.0077231,.9143821,.086965933,.79188001,.091096006,.057660628,
1966q4,.037,.53285652,.0289228,,2826.666666666667,-3.2968373,-.29034042,-3.0064969,.89805853,.084283009,.79188001,.091096006,.057660628,
1967q1,.0383333333333333,.54733241,.029501762,,2924,-3.2614355,-.25646627,-3.0049694,.9072448,.085919902,.79188001,.091096006,.057660628,
1967q2,.0383333333333333,.5531562,.030687634,,2938.666666666667,-3.2614355,-.25831538,-3.0031202,.910779,.089266606,.79188001,.091096006,.057660628,
1967q3,.038,.54179418,.030543843,,2949,-3.270169,-.26923683,-3.0009322,.90379852,.088861249,.79188001,.091096006,.057660628,
1967q4,.039,.54374552,.028954977,,3075.666666666667,-3.2441936,-.24580282,-2.9983907,.90502232,.084374033,.79188001,.091096006,.057660628,
1968q1,.0373333333333333,.56680644,.029727045,,2918.666666666667,-3.2878687,-.29238504,-2.9954836,.91870832,.086556315,.79188001,.091096006,.057660628,
1968q2,.0356666666666667,.57151759,.030530114,,2795.666666666667,-3.3335388,-.34133729,-2.9922016,.92133182,.088822536,.79188001,.091096006,.057660628,
1968q3,.0353333333333333,.58474356,.029028116,,2779,-3.3429284,-.35439101,-2.9885373,.92839402,.084580913,.79188001,.091096006,.057660628,
1968q4,.034,.5742352,.02857268,,2696.333333333333,-3.3813949,-.39690667,-2.9844882,.9228192,.083292171,.79188001,.091096006,.057660628,
1969q1,.034,.56705016,.028023113,,2707.333333333333,-3.3813949,-.40134069,-2.9800541,.91884547,.081735462,.79188001,.091096006,.057660628,
1969q2,.0343333333333333,.58994889,.030457504,,2762.333333333333,-3.3716385,-.39639896,-2.9752395,.93105322,.088617787,.79188001,.091096006,.057660628,
1969q3,.0356666666666667,.56569213,.030614745,,2921.333333333333,-3.3335388,-.36348611,-2.9700527,.91807938,.089061141,.79188001,.091096006,.057660628,
1969q4,.0356666666666667,.5469622,.028970946,,2929.666666666667,-3.3335388,-.3690331,-2.9645057,.90701705,.084419206,.79188001,.091096006,.057660628,
1970q1,.0416666666666667,.53148854,.034969661,,3429.666666666667,-3.1780539,-.21943936,-2.9586146,.89716035,.10128312,.79188001,.091096006,.057660628,
1970q2,.0476666666666667,.50617707,.035988998,,3929,-3.0435228,-.09112417,-2.9523988,.87957579,.10412798,.79188001,.091096006,.057660628,
1970q3,.0516666666666667,.49551454,.03835341,,4295.666666666667,-2.9629424,-.017062437,-2.9458799,.87160563,.11070369,.79188001,.091096006,.057660628,
1970q4,.0583333333333333,.45364997,.038423117,,4855,-2.8415816,.097499371,-2.939081,.83691543,.11089707,.79188001,.091096006,.057660628,
1971q1,.0593333333333333,.44052845,.035458382,,4958.666666666667,-2.824584,.10744057,-2.9320245,.82488072,.10264784,.79188001,.091096006,.057660628,
1971q2,.059,.43898627,.035800286,,4968,-2.8302178,.094514817,-2.9247327,.82342857,.10360176,.79188001,.091096006,.057660628,
1971q3,.0603333333333333,.45624948,.037259318,,5070.333333333333,-2.8078706,.10935535,-2.9172261,.83923221,.10766491,.79188001,.091096006,.057660628,
1971q4,.0593333333333333,.45042703,.037266415,,5089.666666666667,-2.824584,.084940366,-2.9095244,.83401221,.10768464,.79188001,.091096006,.057660628,
1972q1,.0576666666666667,.4472864,.035122119,,4995,-2.853076,.048570618,-2.9016466,.83115023,.10170899,.79188001,.091096006,.057660628,
1972q2,.057,.45698974,.035457954,,4934.666666666667,-2.8647039,.028906645,-2.8936105,.83988792,.10264664,.79188001,.091096006,.057660628,
1972q3,.0556666666666667,.47797179,.037134714,,4900.333333333333,-2.8883739,-.0029402426,-2.8854337,.85774028,.10731839,.79188001,.091096006,.057660628,
1972q4,.0536666666666667,.48306987,.033011276,,4673.333333333333,-2.9249632,-.047830306,-2.8771329,.86186761,.095800571,.79188001,.091096006,.057660628,
1973q1,.0493333333333333,.49514073,.035166956,,4390.666666666667,-3.0091553,-.14042962,-2.8687255,.87132001,.10183422,.79188001,.091096006,.057660628,
1973q2,.0493333333333333,.53001076,.03645391,,4383.666666666667,-3.0091553,-.14892587,-2.8602295,.89618415,.10542351,.79188001,.091096006,.057660628,
1973q3,.048,.51889491,.034630865,,4320,-3.0365543,-.18489112,-2.8516631,.88864243,.10033624,.79188001,.091096006,.057660628,
1973q4,.0476666666666667,.50025028,.036186561,,4343,-3.0435228,-.20047522,-2.8430476,.87518764,.10467867,.79188001,.091096006,.057660628,
1974q1,.0513333333333333,.51442152,.037173972,,4669.666666666667,-2.9694149,-.13500997,-2.8344049,.88550717,.10742757,.79188001,.091096006,.057660628,
1974q2,.052,.49393985,.038130753,,4750,-2.9565115,-.13075183,-2.8257596,.87039959,.11008584,.79188001,.091096006,.057660628,
1974q3,.0563333333333333,.48933101,.040821046,,5174,-2.8764689,-.05933148,-2.8171375,.8668263,.11753209,.79188001,.091096006,.057660628,
1974q4,.066,.4116475,.045896791,,6099.666666666667,-2.7181005,.090464711,-2.8085651,.79633671,.13146751,.79188001,.091096006,.057660628,
1975q1,.0826666666666667,.3634482,.043224998,,7666.333333333333,-2.4929388,.30713207,-2.8000708,.74207038,.12415055,.79188001,.091096006,.057660628,
1975q2,.0886666666666667,.35740161,.041874979,,8287.666666666666,-2.4228714,.36880946,-2.7916808,.73465014,.12043782,.79188001,.091096006,.057660628,
1975q3,.0846666666666667,.37025964,.041070569,,7992.666666666667,-2.4690332,.31438568,-2.7834189,.75026202,.11822061,.79188001,.091096006,.057660628,
1975q4,.083,.36670563,.038833961,,7811.666666666667,-2.4889147,.28639033,-2.775305,.74600983,.11203622,.79188001,.091096006,.057660628,
1976q1,.0773333333333333,.38782716,.039458845,,7363.333333333333,-2.5596302,.20772593,-2.7673562,.77058482,.11376697,.79188001,.091096006,.057660628,
1976q2,.0756666666666667,.38603675,.039860994,,7235,-2.5814176,.17816839,-2.7595859,.76856601,.11487962,.79188001,.091096006,.057660628,
1976q3,.0773333333333333,.39340448,.040713962,,7462.666666666667,-2.5596302,.19237635,-2.7520065,.77679825,.1172365,.79188001,.091096006,.057660628,
1976q4,.0776666666666667,.38888055,.03993411,,7531.666666666667,-2.5553291,.18929878,-2.744628,.77176708,.11508182,.79188001,.091096006,.057660628,
1977q1,.075,.41957045,.042128932,,7343.333333333333,-2.5902672,.14719102,-2.7374582,.80445415,.12113703,.79188001,.091096006,.057660628,
1977q2,.0713333333333333,.42546922,.040423412,,7034.666666666667,-2.6403916,.090112217,-2.7305038,.81035566,.11643413,.79188001,.091096006,.057660628,
1977q3,.069,.42557684,.039692983,,6835,-2.6736488,.050120626,-2.7237694,.81046218,.11441489,.79188001,.091096006,.057660628,
1977q4,.0666666666666667,.43804717,.0386368,,6654.666666666667,-2.7080503,.0092088385,-2.7172592,.82254034,.11148967,.79188001,.091096006,.057660628,
1978q1,.0633333333333333,.45414901,.038244035,,6381.333333333333,-2.7593434,-.048367292,-2.7109761,.83736187,.11040022,.79188001,.091096006,.057660628,
1978q2,.06,.4688929,.039642073,,6111.666666666667,-2.8134108,-.10848697,-2.7049239,.85018808,.11427403,.79188001,.091096006,.057660628,
1978q3,.0603333333333333,.48317838,.039142542,,6171.333333333333,-2.8078706,-.10876467,-2.699106,.86195457,.11289118,.79188001,.091096006,.057660628,
1978q4,.059,.46624228,.038700487,,6084,-2.8302178,-.13669033,-2.6935275,.84793389,.11166624,.79188001,.091096006,.057660628,
1979q1,.0586666666666667,.4741562,.038602103,,6130.333333333333,-2.8358836,-.14768924,-2.6881943,.85459805,.11139346,.79188001,.091096006,.057660628,
1979q2,.057,.48588771,.038534474,,5956,-2.8647039,-.18158998,-2.6831138,.86411422,.11120592,.79188001,.091096006,.057660628,
1979q3,.0586666666666667,.48540047,.04125572,,6168.666666666667,-2.8358836,-.15758866,-2.6782949,.86372751,.11873128,.79188001,.091096006,.057660628,
1979q4,.0596666666666667,.47041011,.040490918,,6286.333333333333,-2.8189816,-.14523354,-2.673748,.85146832,.11662059,.79188001,.091096006,.057660628,
1980q1,.063,.44403869,.041197535,,6704.666666666667,-2.7646205,-.095134974,-2.6694856,.82815623,.11857081,.79188001,.091096006,.057660628,
1980q2,.0733333333333333,.4107036,.045033317,,7813.333333333333,-2.61274,.052780967,-2.6655209,.7953549,.12910728,.79188001,.091096006,.057660628,
1980q3,.0766666666666667,.40834177,.041514877,,8221.666666666666,-2.5682883,.093580708,-2.661869,.79288441,.11944573,.79188001,.091096006,.057660628,
1980q4,.074,.40173525,.040074479,,7943,-2.6036901,.054853573,-2.6585438,.78586864,.1154699,.79188001,.091096006,.057660628,
1981q1,.0743333333333333,.41495115,.041123606,,8034.666666666667,-2.5991957,.056362502,-2.6555581,.79974824,.11836691,.79188001,.091096006,.057660628,
1981q2,.074,.41658723,.042002451,,8047,-2.6036901,.049234979,-2.652925,.80142355,.12078883,.79188001,.091096006,.057660628,
1981q3,.074,.40147939,.043454114,,8043,-2.6036901,.046966322,-2.6506565,.78559381,.12477961,.79188001,.091096006,.057660628,
1981q4,.0823333333333333,.40567276,.048829224,,8980.666666666666,-2.4969792,.15178455,-2.6487639,.79006886,.13945122,.79188001,.091096006,.057660628,
1982q1,.0883333333333333,.37278217,.047889508,,9665.666666666666,-2.4266376,.22062051,-2.6472583,.75325114,.13689815,.79188001,.091096006,.057660628,
1982q2,.0943333333333333,.34765384,.046216439,,10372.33333333333,-2.3609207,.28522849,-2.6461492,.72239047,.13234016,.79188001,.091096006,.057660628,
1982q3,.099,.33571443,.047223423,,10982.33333333333,-2.3126354,.33280864,-2.6454442,.70686716,.13508542,.79188001,.091096006,.057660628,
1982q4,.1066666666666667,.32527393,.046441771,,11839.33333333333,-2.2380466,.4071008,-2.6451476,.6928274,.13295497,.79188001,.091096006,.057660628,
1983q1,.1036666666666667,.31966841,.043052007,,11495.66666666667,-2.2665746,.3786858,-2.6452603,.68510777,.12367539,.79188001,.091096006,.057660628,
1983q2,.1013333333333333,.33844706,.042857159,,11222.66666666667,-2.2893398,.35644034,-2.6457801,.71046984,.12313998,.79188001,.091096006,.057660628,
1983q3,.0936666666666667,.36732152,.043777768,,10484.33333333333,-2.3680129,.27868691,-2.6466999,.74675018,.12566772,.79188001,.091096006,.057660628,
1983q4,.0853333333333333,.38280585,.040629331,,9572.333333333334,-2.4611902,.18681906,-2.6480093,.76489311,.11700284,.79188001,.091096006,.057660628,
1984q1,.0786666666666667,.38682902,.039961729,,8848.333333333334,-2.5425358,.10715967,-2.6496954,.7694608,.11515819,.79188001,.091096006,.057660628,
1984q2,.0743333333333333,.39458591,.038815428,,8481.333333333334,-2.5991957,.052547719,-2.6517434,.77809983,.11198485,.79188001,.091096006,.057660628,
1984q3,.0743333333333333,.41183907,.04109899,,8474.333333333334,-2.5991957,.054941524,-2.6541371,.79653555,.11829901,.79188001,.091096006,.057660628,
1984q4,.073,.41640177,.041458506,,8312.333333333334,-2.6172957,.039564617,-2.6568604,.80123407,.11929035,.79188001,.091096006,.057660628,
1985q1,.0723333333333333,.41927251,.041492611,,8361,-2.6264703,.033425409,-2.6598957,.80415291,.11938436,.79188001,.091096006,.057660628,
1985q2,.073,.41647634,.041773181,,8385.666666666666,-2.6172957,.045930173,-2.6632259,.8013103,.12015744,.79188001,.091096006,.057660628,
1985q3,.072,.42341244,.040863689,,8319,-2.6310892,.0357439,-2.6668332,.80831164,.11764978,.79188001,.091096006,.057660628,
1985q4,.0703333333333333,.43524665,.040188331,,8188,-2.6545095,.016189529,-2.6706991,.81987399,.11578459,.79188001,.091096006,.057660628,
1986q1,.0703333333333333,.40941533,.041083783,,8193.333333333334,-2.6545095,.020295657,-2.6748052,.7940098,.11825706,.79188001,.091096006,.057660628,
1986q2,.0716666666666667,.41742715,.040586382,,8437,-2.6357296,.043403178,-2.6791327,.80227995,.11688424,.79188001,.091096006,.057660628,
1986q3,.0696666666666667,.41723081,.039303351,,8254.666666666666,-2.6640334,.019629277,-2.6836627,.80207998,.11333651,.79188001,.091096006,.057660628,
1986q4,.0683333333333333,.42752188,.038485009,,8095,-2.6833575,.0050181984,-2.6883757,.81238109,.11106874,.79188001,.091096006,.057660628,
1987q1,.066,.43275556,.037755091,,7873,-2.7181005,-.024848457,-2.6932521,.81747991,.10904275,.79188001,.091096006,.057660628,
1987q2,.0626666666666667,.44303122,.037028383,,7504.666666666667,-2.7699256,-.071653314,-2.6982722,.82722038,.10702261,.79188001,.091096006,.057660628,
1987q3,.06,.44822481,.036756724,,7210.333333333333,-2.8134108,-.1099939,-2.7034168,.83200884,.10626666,.79188001,.091096006,.057660628,
1987q4,.0583333333333333,.4579215,.035939384,,7066,-2.8415816,-.13291447,-2.708667,.8407107,.10398965,.79188001,.091096006,.057660628,
1988q1,.057,.46054906,.034954559,,6919.333333333333,-2.8647039,-.15069841,-2.7140055,.84301585,.10124093,.79188001,.091096006,.057660628,
1988q2,.0546666666666667,.46089739,.034756254,,6642,-2.9065011,-.18708535,-2.7194157,.84331971,.10068676,.79188001,.091096006,.057660628,
1988q3,.0546666666666667,.47184137,.035705615,,6684,-2.9065011,-.18161801,-2.7248831,.85266936,.10333769,.79188001,.091096006,.057660628,
1988q4,.0533333333333333,.46376669,.034492601,,6541,-2.9311938,-.20079923,-2.7303946,.84580815,.099949621,.79188001,.091096006,.057660628,
1989q1,.052,.49591923,.035474561,,6415.333333333333,-2.9565115,-.22057217,-2.7359393,.87191439,.10269299,.79188001,.091096006,.057660628,
1989q2,.0523333333333333,.48919261,.035872284,,6473.333333333333,-2.9501219,-.20861371,-2.7415082,.86671799,.10380255,.79188001,.091096006,.057660628,
1989q3,.0523333333333333,.47900862,.03552385,,6532,-2.9501219,-.20302762,-2.7470942,.85858625,.10283055,.79188001,.091096006,.057660628,
1989q4,.0536666666666667,.47886831,.036142625,,6674,-2.9249632,-.17227037,-2.7526929,.85847199,.10455622,.79188001,.091096006,.057660628,
1990q1,.053,.48253086,.035769109,,6667,-2.9374633,-.17916204,-2.7583013,.86143506,.10351481,.79188001,.091096006,.057660628,
1990q2,.0533333333333333,.46499398,.034634586,,6709.666666666667,-2.9311938,-.16727544,-2.7639184,.84686446,.10034664,.79188001,.091096006,.057660628,
1990q3,.057,.4381291,.035766821,,7159.333333333333,-2.8647039,-.095158815,-2.7695451,.82261795,.10350842,.79188001,.091096006,.057660628,
1990q4,.0613333333333333,.4245269,.037088737,,7708,-2.7914319,-.016248139,-2.7751837,.809421,.1071905,.79188001,.091096006,.057660628,
1991q1,.066,.4061873,.037374396,,8288.666666666666,-2.7181005,.062737316,-2.7808378,.79061359,.10798486,.79188001,.091096006,.057660628,
1991q2,.0683333333333333,.39907062,.037033565,,8622.333333333334,-2.6833575,.10315347,-2.7865109,.78299469,.10703703,.79188001,.091096006,.057660628,
1991q3,.0686666666666667,.39044675,.036600567,,8658,-2.6784914,.11371459,-2.792206,.77351737,.10583193,.79188001,.091096006,.057660628,
1991q4,.071,.36680332,.03583717,,8990.333333333334,-2.6450753,.15284947,-2.7979248,.74612737,.10370462,.79188001,.091096006,.057660628,
1992q1,.0736666666666667,.34934404,.034193389,,9399,-2.6082048,.19546339,-2.8036683,.72454274,.099112585,.79188001,.091096006,.057660628,
1992q2,.076,.3400023,.035184711,,9733,-2.5770218,.23241368,-2.8094356,.71250701,.1018838,.79188001,.091096006,.057660628,
1992q3,.0763333333333333,.36279127,.035043258,,9806,-2.5726457,.2425783,-2.8152239,.74127096,.10148872,.79188001,.091096006,.057660628,
1992q4,.0736666666666667,.34629485,.033268385,,9506.666666666666,-2.6082048,.21282367,-2.8210285,.72065192,.096521616,.79188001,.091096006,.057660628,
1993q1,.0713333333333333,.37305734,.034598425,,9188,-2.6403916,.18645012,-2.8268418,.75357574,.10024554,.79188001,.091096006,.057660628,
1993q2,.0706666666666667,.36717755,.033607926,,9126.666666666666,-2.6497812,.18287276,-2.832654,.7465772,.097473264,.79188001,.091096006,.057660628,
1993q3,.068,.37182999,.032723792,,8802.333333333334,-2.6882477,.15020618,-2.8384538,.75212562,.094993882,.79188001,.091096006,.057660628,
1993q4,.0663333333333333,.37391376,.032208502,,8589.666666666666,-2.7130628,.1311653,-2.844228,.75458425,.093546756,.79188001,.091096006,.057660628,
1994q1,.0656666666666667,.36652756,.030494472,,8561,-2.7231638,.12679797,-2.8499618,.74579555,.088722035,.79188001,.091096006,.057660628,
1994q2,.062,.39022079,.030575199,,8057.666666666667,-2.7806208,.075018212,-2.855639,.77326536,.088949651,.79188001,.091096006,.057660628,
1994q3,.06,.3749319,.028451029,,7871,-2.8134108,.047831569,-2.8612423,.75577956,.082947731,.79188001,.091096006,.057660628,
1994q4,.0563333333333333,.40541479,.029427893,,7412.333333333333,-2.8764689,-.0097152898,-2.8667536,.78979534,.085711159,.79188001,.091096006,.057660628,
1995q1,.0546666666666667,.3864781,.02868076,,7238.333333333333,-2.9065011,-.034346782,-2.8721542,.76906478,.083598115,.79188001,.091096006,.057660628,
1995q2,.0566666666666667,.39497334,.029238902,,7500.666666666667,-2.8705692,.0068566077,-2.8774259,.77852559,.08517696,.79188001,.091096006,.057660628,
1995q3,.0566666666666667,.41553143,.030802226,,7496.333333333333,-2.8705692,.011980914,-2.8825502,.80034345,.089589573,.79188001,.091096006,.057660628,
1995q4,.0556666666666667,.39936888,.03000051,,7392.333333333333,-2.8883739,-.00086487673,-2.8875089,.78331769,.087328441,.79188001,.091096006,.057660628,
1996q1,.0553333333333333,.39289498,.02850564,,7374,-2.8943799,-.0020958604,-2.8922839,.77623534,.083102368,.79188001,.091096006,.057660628,
1996q2,.055,.40387371,.029067213,,7311,-2.9004221,-.0035652267,-2.8968568,.78815663,.084691487,.79188001,.091096006,.057660628,
1996q3,.0526666666666667,.40289494,.027069198,,7066,-2.9437726,-.04256326,-2.9012094,.78711146,.079029202,.79188001,.091096006,.057660628,
1996q4,.0533333333333333,.4183822,.03011216,,7173.333333333333,-2.9311938,-.025870837,-2.905323,.80325073,.087643556,.79188001,.091096006,.057660628,
1997q1,.0523333333333333,.40610954,.027181624,,7086.666666666667,-2.9501219,-.040941764,-2.9091802,.79053134,.07934843,.79188001,.091096006,.057660628,
1997q2,.05,.41592824,.026815729,,6775.666666666667,-2.9957323,-.082969226,-2.9127631,.8007499,.078309223,.79188001,.091096006,.057660628,
1997q3,.0486666666666667,.42780167,.027163299,,6639.666666666667,-3.0227609,-.10670616,-2.9160547,.81265599,.079296403,.79188001,.091096006,.057660628,
1997q4,.0466666666666667,.43882823,.027359407,,6412.666666666667,-3.0647252,-.14568654,-2.9190385,.82327926,.079853088,.79188001,.091096006,.057660628,
1998q1,.0463333333333333,.4823896,.029527834,,6365.333333333333,-3.0718937,-.15019411,-2.9216995,.86132157,.085993566,.79188001,.091096006,.057660628,
1998q2,.044,.45286527,.028101208,,6066.666666666667,-3.1235657,-.19954193,-2.9240236,.83621174,.081956781,.79188001,.091096006,.057660628,
1998q3,.0453333333333333,.47094128,.029336289,,6246,-3.0937126,-.16771379,-2.9259987,.85191482,.085452259,.79188001,.091096006,.057660628,
1998q4,.0443333333333333,.46807459,.027356256,,6137.333333333333,-3.1160185,-.18840419,-2.9276145,.84949458,.079844147,.79188001,.091096006,.057660628,
1999q1,.043,.47977337,.028381718,,5956.666666666667,-3.1465552,-.21769336,-2.9288619,.85920811,.082751453,.79188001,.091096006,.057660628,
1999q2,.0426666666666667,.4741666,.027693311,,5917,-3.1543374,-.22460298,-2.9297345,.85460669,.080800414,.79188001,.091096006,.057660628,
1999q3,.0423333333333333,.48980674,.027966447,,5926,-3.1621804,-.23195286,-2.9302275,.86719817,.08157485,.79188001,.091096006,.057660628,
1999q4,.0406666666666667,.50088239,.028223056,,5715.666666666667,-3.2023466,-.27200767,-2.9303389,.8756606,.082302026,.79188001,.091096006,.057660628,
2000q1,.0403333333333333,.51481879,.028550973,,5766.333333333333,-3.210577,-.28050861,-2.9300685,.88578796,.083230719,.79188001,.091096006,.057660628,
2000q2,.0393333333333333,.48152423,.026954975,,5630,-3.235683,-.30626419,-2.9294188,.86062485,.078704797,.79188001,.091096006,.057660628,
2000q3,.04,.49875295,.027229343,,5741.666666666667,-3.2188759,-.29048041,-2.9283955,.87406236,.079483904,.79188001,.091096006,.057660628,
2000q4,.039,.47079125,.026660265,5088,5602.333333333333,-3.2441936,-.31718642,-2.9270072,.85178882,.077867433,.79188001,.091096006,.057660628,.90819299
2001q1,.0423333333333333,.49890298,.030180542,5031,6084.333333333333,-3.1621804,-.23691523,-2.9252651,.87417543,.087836519,.79188001,.091096006,.057660628,.82687777
2001q2,.044,.4561922,.028250057,4467,6327,-3.1235657,-.2003814,-2.9231842,.83918136,.082378522,.79188001,.091096006,.057660628,.70602179
2001q3,.0483333333333333,.41890064,.030232351,4180.666666666667,6922.333333333333,-3.0296338,-.10885236,-2.9207814,.80377644,.087982699,.79188001,.091096006,.057660628,.60393894
2001q4,.055,.40061873,.03086989,3719.666666666667,7985,-2.9004221,.017653478,-2.9180756,.78466755,.089780234,.79188001,.091096006,.057660628,.46583176
2002q1,.057,.38359505,.029977897,3582.333333333333,8233.666666666666,-2.8647039,.050383016,-2.915087,.7657938,.087264612,.79188001,.091096006,.057660628,.4350836
2002q2,.0583333333333333,.37398848,.02793928,3446.666666666667,8463.666666666666,-2.8415816,.070253745,-2.9118354,.75467205,.081497841,.79188001,.091096006,.057660628,.40723091
2002q3,.0573333333333333,.37647289,.027955381,3395,8315,-2.8588731,.049467113,-2.9083402,.75758135,.081543483,.79188001,.091096006,.057660628,.40829825
2002q4,.0586666666666667,.36493912,.028371386,3387.333333333333,8489,-2.8358836,.068736762,-2.9046204,.74387848,.082722187,.79188001,.091096006,.057660628,.39902619
2003q1,.0586666666666667,.34762219,.027201127,3256.333333333333,8575.333333333334,-2.8358836,.064810343,-2.9006939,.72235006,.079403803,.79188001,.091096006,.057660628,.37973258
2003q2,.0613333333333333,.34384179,.027711321,3262.333333333333,9021.666666666666,-2.7914319,.10514662,-2.8965786,.71749526,.080851488,.79188001,.091096006,.057660628,.36161095
2003q3,.0613333333333333,.34719077,.026502771,3087.333333333333,8942.666666666666,-2.7914319,.10085904,-2.8922908,.7217989,.077419735,.79188001,.091096006,.057660628,.34523633
2003q4,.0583333333333333,.35299447,.02542191,3347.666666666667,8541.666666666666,-2.8415816,.046265487,-2.8878472,.72915304,.074343339,.79188001,.091096006,.057660628,.39192194
2004q1,.057,.35213441,.02522764,3493.666666666667,8342.666666666666,-2.8647039,.018557837,-2.8832617,.72807151,.073789671,.79188001,.091096006,.057660628,.41877097
2004q2,.056,.36784136,.026597764,3519.333333333333,8222.666666666666,-2.8824036,-.0038543246,-2.8785493,.74737388,.077689789,.79188001,.091096006,.057660628,.42800388
2004q3,.0543333333333333,.37579024,.026372159,3725.333333333333,8017.666666666667,-2.9126174,-.038893525,-2.873724,.75678426,.077048346,.79188001,.091096006,.057660628,.46464059
2004q4,.0543333333333333,.38127542,.026014842,3829.666666666667,7975.666666666667,-2.9126174,-.043817598,-2.8687999,.76313978,.076031819,.79188001,.091096006,.057660628,.48016885
2005q1,.053,.37552688,.025460918,3937.666666666667,7833.666666666667,-2.9374633,-.073671609,-2.8637917,.75647628,.074454486,.79188001,.091096006,.057660628,.50265944
2005q2,.051,.3958708,.025782462,4006,7615.666666666667,-2.9759297,-.11721528,-2.8587143,.77950972,.075370319,.79188001,.091096006,.057660628,.52602094
2005q3,.0496666666666667,.39488512,.025855053,4250,7434.666666666667,-3.0024214,-.14883742,-2.8535841,.77842873,.075576991,.79188001,.091096006,.057660628,.57164633
2005q4,.0496666666666667,.40903363,.025655508,4238,7432.666666666667,-3.0024214,-.15400423,-2.848417,.79361016,.075008795,.79188001,.091096006,.057660628,.57018566
2006q1,.0473333333333333,.40492216,.025327418,4484.666666666667,7106.666666666667,-3.0505404,-.20730798,-2.8432324,.78927243,.074074067,.79188001,.091096006,.057660628,.63105065
2006q2,.0463333333333333,.41293433,.025564821,4622.333333333333,7033.666666666667,-3.0718937,-.2338438,-2.8380499,.79767013,.07475049,.79188001,.091096006,.057660628,.65717262
2006q3,.0463333333333333,.42918336,.025280779,4613.666666666667,7037.666666666667,-3.0718937,-.23900221,-2.8328915,.8140099,.073941141,.79188001,.091096006,.057660628,.65556765
2006q4,.0443333333333333,.39494956,.024071747,4618.666666666667,6787,-3.1160185,-.28823692,-2.8277817,.77849948,.070490845,.79188001,.091096006,.057660628,.68051666
2007q1,.045,.40092784,.023035169,4808,6924.666666666667,-3.1010928,-.2783457,-2.822747,.7850005,.067525871,.79188001,.091096006,.057660628,.69432944
2007q2,.045,.38706392,.023432996,4735,6865,-3.1010928,-.28327522,-2.8178177,.76972568,.068664543,.79188001,.091096006,.057660628,.68973053
2007q3,.0466666666666667,.39273736,.024127385,4598.666666666667,7128.666666666667,-3.0647252,-.2516996,-2.8130255,.776061,.07064981,.79188001,.091096006,.057660628,.64509493
2007q4,.048,.37362769,.024408691,4609,7374,-3.0365543,-.22814807,-2.8084064,.75424767,.071453258,.79188001,.091096006,.057660628,.62503392
2008q1,.05,.38309911,.024720836,4376,7668,-2.9957323,-.19173481,-2.8039975,.76522803,.072344258,.79188001,.091096006,.057660628,.57068336
2008q2,.0533333333333333,.34535849,.027009755,4019.666666666667,8202.333333333334,-2.9311938,-.13135445,-2.7998393,.71944976,.078860387,.79188001,.091096006,.057660628,.49006382
2008q3,.06,.32563215,.027964314,3548.333333333333,9289.666666666666,-2.8134108,-.017436901,-2.7959738,.6933164,.0815688,.79188001,.091096006,.057660628,.38196564
2008q4,.0686666666666667,.28731722,.030060254,3251.333333333333,10632.66666666667,-2.6784914,.11395293,-2.7924442,.63801646,.08749707,.79188001,.091096006,.057660628,.30578721
2009q1,.0826666666666667,.24710673,.030313864,2712,12794,-2.4929388,.29635537,-2.789294,.57322377,.088212661,.79188001,.091096006,.057660628,.21197437
2009q2,.093,.22495297,.027963189,2449,14353,-2.3751557,.41141003,-2.7865658,.53443086,.081565611,.79188001,.091096006,.057660628,.17062636
2009q3,.0963333333333333,.20601831,.026411666,2352.333333333333,14808,-2.3399408,.44435769,-2.7842984,.49946845,.077160694,.79188001,.091096006,.057660628,.15885557
2009q4,.0993333333333333,.2142449,.025572224,2492.333333333333,15223,-2.3092742,.47325346,-2.7825277,.51486611,.074771576,.79188001,.091096006,.057660628,.16372156
2010q1,.0983333333333333,.195168,.024338085,2727.333333333333,15120.33333333333,-2.3193922,.46189189,-2.7812841,.47866642,.071251646,.79188001,.091096006,.057660628,.18037522
2010q2,.0963333333333333,.22157848,.0244694,2980.666666666667,14882.66666666667,-2.3399408,.44065306,-2.7805939,.52832323,.071626596,.79188001,.091096006,.057660628,.20027773
2010q3,.0946666666666667,.20471238,.023880692,2999.666666666667,14579.66666666667,-2.3573933,.42308515,-2.7804785,.49699458,.069944836,.79188001,.091096006,.057660628,.20574316
2010q4,.095,.21868227,.024520723,3168,14648.33333333333,-2.3538785,.42707637,-2.7809548,.5230388,.071773112,.79188001,.091096006,.057660628,.21627034
2011q1,.0903333333333333,.20750675,.022859141,3197,13856.66666666667,-2.4042487,.37778735,-2.7820361,.50227815,.06702175,.79188001,.091096006,.057660628,.23071927
2011q2,.0906666666666667,.22144578,.024329867,3297.666666666667,13924.66666666667,-2.4005654,.38316512,-2.7837305,.52808195,.071228176,.79188001,.091096006,.057660628,.23682195
2011q3,.09,.21780711,.023744451,3575.333333333333,13843,-2.4079456,.37809741,-2.7860429,.52143431,.069555342,.79188001,.091096006,.057660628,.25827736
2011q4,.0863333333333333,.23197766,.022724394,3650.666666666667,13329.66666666667,-2.4495394,.33943519,-2.7889745,.54697561,.06663572,.79188001,.091096006,.057660628,.27387533
2012q1,.0826666666666667,.23189992,.023227265,3834.666666666667,12774.33333333333,-2.4929388,.29958361,-2.7925224,.54683805,.068075806,.79188001,.091096006,.057660628,.30018526
2012q2,.082,.23013471,.023198862,3846.333333333333,12666,-2.5010359,.29564419,-2.7966802,.5437066,.067994505,.79188001,.091096006,.057660628,.30367386
2012q3,.0803333333333333,.24916844,.02338342,3808.666666666667,12414,-2.5215707,.27986795,-2.8014386,.57672018,.068522692,.79188001,.091096006,.057660628,.30680415
2012q4,.078,.23674606,.023658536,3874.333333333333,12142.33333333333,-2.5510464,.25573939,-2.8067858,.55536139,.069309674,.79188001,.091096006,.057660628,.31907651
2013q1,.0773333333333333,.25250372,.022448987,4001,12036.66666666667,-2.5596302,.25307634,-2.8127065,.58233595,.065846406,.79188001,.091096006,.057660628,.33240101
2013q2,.0753333333333333,.25751275,.022957135,4094.333333333333,11721.66666666667,-2.5858326,.23335077,-2.8191833,.59067619,.067302413,.79188001,.091096006,.057660628,.34929618
2013q3,.0723333333333333,.26243639,.023120815,4032.666666666667,11294.66666666667,-2.6264703,.19972594,-2.8261962,.59876531,.067771085,.79188001,.091096006,.057660628,.35704166
2013q4,.0693333333333333,.2743609,.021239504,4154,10775.66666666667,-2.6688294,.16489339,-2.8337228,.61791319,.062374745,.79188001,.091096006,.057660628,.3854982
2014q1,.0666666666666667,.27319396,.021149101,4296,10310.33333333333,-2.7080503,.13368839,-2.8417387,.61606687,.062114909,.79188001,.091096006,.057660628,.41666937
2014q2,.062,.29131839,.022361517,4765,9673.666666666666,-2.7806208,.069596879,-2.8502176,.64407909,.065595619,.79188001,.091096006,.057660628,.49257433
2014q3,.0606666666666667,.31086251,.022153234,5036.333333333333,9489.666666666666,-2.8023608,.056771822,-2.8591325,.67272139,.064998277,.79188001,.091096006,.057660628,.53071761
2014q4,.057,.30070797,.021177048,4995,8932.333333333334,-2.8647039,.0037513899,-2.8684552,.65803963,.062195238,.79188001,.091096006,.057660628,.5592044
2015q1,.0553333333333333,.332497,.022432663,5340,8666.333333333334,-2.8943799,-.016222738,-2.8781571,.70258719,.065799601,.79188001,.091096006,.057660628,.61617756
2015q2,.0543333333333333,.3305591,.02172726,5469.666666666667,8543.666666666666,-2.9126174,-.024408028,-2.8882093,.69998932,.063775815,.79188001,.091096006,.057660628,.64020133
2015q3,.051,.32157892,.019985132,5670.333333333333,8022,-2.9759297,-.077346064,-2.8985837,.6877532,.058765162,.79188001,.091096006,.057660628,.70684785
2015q4,.0503333333333333,.33304363,.020428771,5775.333333333333,7943,-2.9890878,-.079836197,-2.9092517,.70331728,.060042836,.79188001,.091096006,.057660628,.72709721
2016q1,.049,.32315654,.021010375,5970.333333333333,7763.333333333333,-3.0159349,-.095749184,-2.9201858,.68992645,.061716091,.79188001,.091096006,.057660628,.76904249
2016q2,.0493333333333333,.33959842,.020056138,5774,7821,-3.0091553,-.077795886,-2.9313593,.71197891,.058969736,.79188001,.091096006,.057660628,.73826879
2016q3,.049,.33681703,.021284608,5835.666666666667,7792.666666666667,-3.0159349,-.073188171,-2.9427469,.70832437,.062504366,.79188001,.091096006,.057660628,.74886644
2016q4,.0476666666666667,.36007339,.021135431,5842,7628.333333333333,-3.0435228,-.089199886,-2.9543231,.73794615,.062075615,.79188001,.091096006,.057660628,.76582915
2017q1,.0456666666666667,.37643436,.021208655,5783.666666666667,7306.666666666667,-3.0863867,-.12032299,-2.9660637,.75753641,.062286083,.79188001,.091096006,.057660628,.79156023
2017q2,.0436666666666667,.35103267,.018919613,6074,6987.333333333333,-3.1311703,-.15322463,-2.9779456,.72668183,.055691756,.79188001,.091096006,.057660628,.86928725
2017q3,.0433333333333333,.35912892,.019267065,6278,6942.666666666667,-3.138833,-.14888635,-2.9899466,.73678416,.05669469,.79188001,.091096006,.057660628,.9042635
2017q4,.0416666666666667,.37865198,.019791771,6338.333333333333,6702,-3.1780539,-.17600763,-3.0020461,.76011407,.058207922,.79188001,.091096006,.057660628,.9457376
2018q1,.0403333333333333,.39064494,.02034951,6661.666666666667,6514,-3.210577,-.19635187,-3.0142252,.77373821,.059814651,.79188001,.091096006,.057660628,1.0226691
2018q2,.0393333333333333,.37266794,.01805233,7045.333333333333,6367.333333333333,-3.235683,-.20921691,-3.0264661,.75311631,.053185213,.79188001,.091096006,.057660628,1.106481
2018q3,.0376666666666667,.37926382,.018500399,7249,6141.333333333333,-3.2789798,-.24022616,-3.0387535,.760822,.054480735,.79188001,.091096006,.057660628,1.1803626
2018q4,.0383333333333333,.37662339,.01909928,7452.666666666667,6238.333333333333,-3.2614355,-.21036102,-3.0510745,.75775683,.056210462,.79188001,.091096006,.057660628,1.1946567
2019q1,.0386666666666667,.40117151,.018632498,7283.666666666667,6245.333333333333,-3.2527773,-.18935953,-3.0634179,.78526276,.054862451,.79188001,.091096006,.057660628,1.1662575
2019q2,.0363333333333333,.37459072,.017653611,7222,5920.333333333333,-3.3150196,-.23924483,-3.0757747,.75537944,.052031383,.79188001,.091096006,.057660628,1.2198638
2019q3,.0363333333333333,.37853163,.017439682,7107.333333333333,5921.333333333333,-3.3150196,-.22688113,-3.0881386,.75997466,.051411923,.79188001,.091096006,.057660628,1.2002927
2019q4,.036,.39338702,.017985448,7018,5912.666666666667,-3.3242364,-.22373198,-3.1005044,.776779,.052991733,.79188001,.091096006,.057660628,1.1869433
